gen,gen-time,fit-min,fit-max,fit-avg,gen-max,champ-id,champ-mean,champ-std,champ-teams,champ-learners,champ-bid-inst,champ-act-inst,champ-real-acts,pop-roots,pop-teams,pop-learners,hh-learners-rem,hh-teams-affected,b-teams,b-learners,b-teams-new,b-learners-new
0,941,-208.597,-2.0552,-114.8338,-2.0552,eae1d876-4c45-4e05-9754-b5055e49e14d,-2.0552,3.8375,1,2,125,68,2,360,360,720,0,0,0,0,0,0
1,461,-158.5881,-2.0552,-104.96,-2.0573,eae1d876-4c45-4e05-9754-b5055e49e14d,-2.0552,3.8375,1,2,125,68,2,360,360,644,0,0,0,0,0,0
2,700,-158.5977,-2.0552,-97.3771,-6.0514,eae1d876-4c45-4e05-9754-b5055e49e14d,-2.0552,3.8375,1,2,125,68,2,360,360,636,0,0,0,0,0,0
3,844,-164.9075,-2.0416,-88.5721,-2.0416,b9ac290b-d871-43eb-97c8-976e32bddd38,-2.0416,2.7457,1,3,160,180,3,360,360,631,0,0,0,0,0,0
4,1081,-165.3158,-0.8756,-77.0165,-0.8756,81672d81-eace-43ef-95d8-b451fcb40586,-0.8756,1.4807,1,2,131,99,2,360,360,624,0,0,0,0,0,0
5,1261,-118.3799,-0.8756,-66.9782,-2.9694,81672d81-eace-43ef-95d8-b451fcb40586,-0.8756,1.4807,1,2,131,99,2,360,360,659,0,0,0,0,0,0
6,1544,-133.1081,-0.8756,-50.178,-1.9444,81672d81-eace-43ef-95d8-b451fcb40586,-0.8756,1.4807,1,2,131,99,2,360,360,608,0,0,0,0,0,0
7,812,-127.4247,7.5642,-40.2398,7.5642,1ae52ceb-6c52-47b0-97d6-6723d43eb48c,7.5642,0.0756,1,3,186,103,3,360,360,650,0,0,0,0,0,0
8,831,-124.1247,7.5642,-32.3238,2.3068,1ae52ceb-6c52-47b0-97d6-6723d43eb48c,7.5642,0.0756,1,3,186,103,3,360,360,661,0,0,0,0,0,0
9,799,-133.6566,7.5642,-22.9562,4.9082,1ae52ceb-6c52-47b0-97d6-6723d43eb48c,7.5642,0.0756,1,3,186,103,3,360,360,636,0,0,0,0,0,0
10,937,-123.7953,7.5642,-12.3051,7.4674,1ae52ceb-6c52-47b0-97d6-6723d43eb48c,7.5642,0.0756,1,3,186,103,3,360,360,610,0,0,0,0,0,0
11,720,-183.0335,7.5642,-23.5969,4.2338,1ae52ceb-6c52-47b0-97d6-6723d43eb48c,7.5642,0.0756,1,3,186,103,3,360,360,805,0,0,0,0,0,0
12,924,-124.4796,7.5642,-9.3747,2.3585,1ae52ceb-6c52-47b0-97d6-6723d43eb48c,7.5642,0.0756,1,3,186,103,3,360,360,664,0,0,0,0,0,0
13,966,-117.154,9.3034,-8.9894,9.3034,aec87fc7-56ba-46ec-9f24-42cda7658469,9.3034,2.9769,1,2,205,49,2,360,360,645,0,0,0,0,0,0
14,899,-121.6519,9.3034,-10.9296,7.5236,aec87fc7-56ba-46ec-9f24-42cda7658469,9.3034,2.9769,1,2,205,49,2,360,360,670,0,0,0,0,0,0
15,865,-119.7987,9.3034,-10.6901,7.4906,aec87fc7-56ba-46ec-9f24-42cda7658469,9.3034,2.9769,1,2,205,49,2,360,360,680,0,0,0,0,0,0
16,676,-157.8484,9.3034,-24.2727,7.4967,aec87fc7-56ba-46ec-9f24-42cda7658469,9.3034,2.9769,1,2,205,49,2,360,360,893,0,0,0,0,0,0
17,843,-123.3327,9.3034,-11.2238,7.5849,aec87fc7-56ba-46ec-9f24-42cda7658469,9.3034,2.9769,1,2,205,49,2,360,360,773,0,0,0,0,0,0
18,889,-120.7425,9.3034,-8.6165,7.5523,aec87fc7-56ba-46ec-9f24-42cda7658469,9.3034,2.9769,1,2,205,49,2,360,360,780,0,0,0,0,0,0
19,863,-117.2489,9.3034,-9.5536,7.5402,aec87fc7-56ba-46ec-9f24-42cda7658469,9.3034,2.9769,1,2,205,49,2,360,360,764,0,0,0,0,0,0
20,811,-120.2076,9.3034,-11.977,7.5681,aec87fc7-56ba-46ec-9f24-42cda7658469,9.3034,2.9769,1,2,205,49,2,360,360,773,0,0,0,0,0,0
21,581,-136.2969,9.3034,-26.1062,9.1073,aec87fc7-56ba-46ec-9f24-42cda7658469,9.3034,2.9769,1,2,205,49,2,360,360,931,0,0,0,0,0,0
22,787,-120.9184,9.5453,-9.9936,9.5453,41c20147-0ee3-44ae-9eb7-ec14e0834db9,9.5453,0.9406,1,2,205,49,2,360,360,786,0,0,0,0,0,0
23,741,-117.5705,9.5453,-11.4882,8.1486,41c20147-0ee3-44ae-9eb7-ec14e0834db9,9.5453,0.9406,1,2,205,49,2,360,360,787,0,0,0,0,0,0
24,751,-117.9695,9.5453,-11.0483,7.605,41c20147-0ee3-44ae-9eb7-ec14e0834db9,9.5453,0.9406,1,2,205,49,2,360,360,806,0,0,0,0,0,0
25,769,-117.5958,9.5453,-10.6201,7.5928,41c20147-0ee3-44ae-9eb7-ec14e0834db9,9.5453,0.9406,1,2,205,49,2,360,360,802,0,0,0,0,0,0
26,453,-123.7809,9.5453,-30.6725,7.6342,41c20147-0ee3-44ae-9eb7-ec14e0834db9,9.5453,0.9406,1,2,205,49,2,360,360,936,0,0,0,0,0,0
27,691,-118.9725,9.5453,-12.6264,7.5901,41c20147-0ee3-44ae-9eb7-ec14e0834db9,9.5453,0.9406,1,2,205,49,2,360,360,806,0,0,0,0,0,0
28,813,-118.6358,10.8143,-7.7984,10.8143,390196e8-ec7e-4784-bb30-1ebd3fbd30ca,10.8143,2.3577,1,3,188,99,3,360,360,828,0,0,0,0,0,0
29,772,-120.7189,10.8143,-9.5808,7.617,390196e8-ec7e-4784-bb30-1ebd3fbd30ca,10.8143,2.3577,1,3,188,99,3,360,360,817,0,0,0,0,0,0
30,766,-118.3566,10.8143,-8.8241,7.6095,390196e8-ec7e-4784-bb30-1ebd3fbd30ca,10.8143,2.3577,1,3,188,99,3,360,360,862,0,0,0,0,0,0
31,497,-143.2919,10.8143,-29.8114,7.5781,390196e8-ec7e-4784-bb30-1ebd3fbd30ca,10.8143,2.3577,1,3,188,99,3,360,360,980,0,0,0,0,0,0
32,758,-117.4525,10.8143,-9.1495,10.32,390196e8-ec7e-4784-bb30-1ebd3fbd30ca,10.8143,2.3577,1,3,188,99,3,360,360,789,0,0,0,0,0,0
33,768,-118.7679,10.8143,-6.4122,7.6478,390196e8-ec7e-4784-bb30-1ebd3fbd30ca,10.8143,2.3577,1,3,188,99,3,360,360,809,0,0,0,0,0,0
34,747,-122.2965,11.775,-10.0719,11.775,34edfdfc-7e51-4d67-bc13-308cda3d5622,11.775,1.1235,1,3,189,99,3,360,360,833,0,0,0,0,0,0
35,764,-117.7578,11.775,-9.4671,11.7678,34edfdfc-7e51-4d67-bc13-308cda3d5622,11.775,1.1235,1,3,189,99,3,360,360,845,0,0,0,0,0,0
36,412,-122.6324,11.775,-33.6056,7.5688,34edfdfc-7e51-4d67-bc13-308cda3d5622,11.775,1.1235,1,3,189,99,3,360,360,1002,0,0,0,0,0,0
37,805,-121.8192,13.3688,-8.8083,13.3688,750d6b04-33a4-4ace-84f7-d831ee4b8585,13.3688,0.4335,1,4,251,102,4,360,360,874,0,0,0,0,0,0
38,760,-123.1242,13.3688,-9.6625,12.6584,750d6b04-33a4-4ace-84f7-d831ee4b8585,13.3688,0.4335,1,4,251,102,4,360,360,851,0,0,0,0,0,0
39,728,-117.5869,13.9963,-9.7778,13.9963,9e2d6bf8-e5d5-4f2a-8e90-d2f5ed069b5d,13.9963,3.1938,1,4,282,115,4,360,360,881,0,0,0,0,0,0
40,793,-130.0599,14.9325,-7.8479,14.9325,a6be031e-1f12-4656-8576-87fc1aba6e72,14.9325,1.1,1,4,219,177,4,360,360,875,0,0,0,0,0,0
41,520,-138.8251,14.9325,-26.7944,7.5842,a6be031e-1f12-4656-8576-87fc1aba6e72,14.9325,1.1,1,4,219,177,4,360,360,1024,0,0,0,0,0,0
42,750,-122.0188,14.9325,-9.6168,12.3121,a6be031e-1f12-4656-8576-87fc1aba6e72,14.9325,1.1,1,4,219,177,4,360,360,872,0,0,0,0,0,0
43,761,-119.5895,14.9325,-8.2121,12.7735,a6be031e-1f12-4656-8576-87fc1aba6e72,14.9325,1.1,1,4,219,177,4,360,360,854,0,0,0,0,0,0
44,761,-118.8533,14.9325,-9.5326,13.3067,a6be031e-1f12-4656-8576-87fc1aba6e72,14.9325,1.1,1,4,219,177,4,360,360,891,0,0,0,0,0,0
45,811,-118.8832,14.9325,-7.9563,14.1922,a6be031e-1f12-4656-8576-87fc1aba6e72,14.9325,1.1,1,4,219,177,4,360,360,928,0,0,0,0,0,0
46,525,-125.9263,14.9325,-27.2065,12.0916,a6be031e-1f12-4656-8576-87fc1aba6e72,14.9325,1.1,1,4,219,177,4,360,360,1016,0,0,0,0,0,0
47,826,-131.9859,15.0857,-7.5404,15.0857,3841a426-3a8e-4ad1-b7f0-7a374c2cb74d,15.0857,0.8271,1,3,190,98,3,360,360,900,0,0,0,0,0,0
48,820,-121.9919,15.0857,-4.7301,14.8014,3841a426-3a8e-4ad1-b7f0-7a374c2cb74d,15.0857,0.8271,1,3,190,98,3,360,360,882,0,0,0,0,0,0
49,835,-119.3761,15.0857,-3.9355,13.9002,3841a426-3a8e-4ad1-b7f0-7a374c2cb74d,15.0857,0.8271,1,3,190,98,3,360,360,906,0,0,0,0,0,0
50,857,-119.258,15.0857,-4.7027,14.8584,3841a426-3a8e-4ad1-b7f0-7a374c2cb74d,15.0857,0.8271,1,3,190,98,3,360,360,915,0,0,0,0,0,0
51,549,-121.9864,15.0857,-26.0705,10.4896,3841a426-3a8e-4ad1-b7f0-7a374c2cb74d,15.0857,0.8271,1,3,190,98,3,360,360,1044,0,0,0,0,0,0
52,857,-119.2261,15.0857,-6.0379,14.3038,3841a426-3a8e-4ad1-b7f0-7a374c2cb74d,15.0857,0.8271,1,3,190,98,3,360,360,934,0,0,0,0,0,0
53,837,-119.7396,15.0857,-6.1811,13.5797,3841a426-3a8e-4ad1-b7f0-7a374c2cb74d,15.0857,0.8271,1,3,190,98,3,360,360,955,0,0,0,0,0,0
54,919,-119.5555,17.1701,-1.8027,17.1701,888f5407-c177-460a-b829-2a00e9bab18e,17.1701,1.9237,1,4,219,179,4,360,360,916,0,0,0,0,0,0
55,887,-118.9585,17.1701,-3.0795,15.0369,888f5407-c177-460a-b829-2a00e9bab18e,17.1701,1.9237,1,4,219,179,4,360,360,928,0,0,0,0,0,0
56,602,-124.7455,17.1701,-23.365,10.5098,888f5407-c177-460a-b829-2a00e9bab18e,17.1701,1.9237,1,4,219,179,4,360,360,1073,0,0,0,0,0,0
57,833,-119.218,17.1701,-4.7797,16.6776,888f5407-c177-460a-b829-2a00e9bab18e,17.1701,1.9237,1,4,219,179,4,360,360,943,0,0,0,0,0,0
58,855,-122.3652,17.1701,-3.5196,15.8245,888f5407-c177-460a-b829-2a00e9bab18e,17.1701,1.9237,1,4,219,179,4,360,360,952,0,0,0,0,0,0
59,850,-125.4189,17.1701,-3.9778,14.8582,888f5407-c177-460a-b829-2a00e9bab18e,17.1701,1.9237,1,4,219,179,4,360,360,933,0,0,0,0,0,0
60,830,-119.8667,17.1701,-3.7396,15.633,888f5407-c177-460a-b829-2a00e9bab18e,17.1701,1.9237,1,4,219,179,4,360,360,935,0,0,0,0,0,0
61,528,-124.8041,17.1701,-24.9789,13.9665,888f5407-c177-460a-b829-2a00e9bab18e,17.1701,1.9237,1,4,219,179,4,360,360,1032,0,0,0,0,0,0
62,808,-119.2232,17.1701,-5.708,15.5596,888f5407-c177-460a-b829-2a00e9bab18e,17.1701,1.9237,1,4,219,179,4,360,360,947,0,0,0,0,0,0
63,824,-122.6361,17.4453,-3.0577,17.4453,1afe36e4-06a5-49d3-b665-9507dfcb8e7f,17.4453,5.5609,1,4,218,178,4,360,360,931,0,0,0,0,0,0
64,795,-126.4118,19.3822,-5.1092,19.3822,e72f7fda-728f-4334-87e2-e0b06814fd1e,19.3822,1.687,1,3,188,99,3,360,360,926,0,0,0,0,0,0
65,847,-119.046,19.3822,-2.3689,15.4543,e72f7fda-728f-4334-87e2-e0b06814fd1e,19.3822,1.687,1,3,188,99,3,360,360,935,0,0,0,0,0,0
66,543,-124.5806,19.3822,-23.7262,10.0649,e72f7fda-728f-4334-87e2-e0b06814fd1e,19.3822,1.687,1,3,188,99,3,360,360,1042,0,0,0,0,0,0
67,807,-119.2835,19.3822,-4.634,17.1114,e72f7fda-728f-4334-87e2-e0b06814fd1e,19.3822,1.687,1,3,188,99,3,360,360,932,0,0,0,0,0,0
68,814,-119.0731,19.3822,-4.8185,16.1846,e72f7fda-728f-4334-87e2-e0b06814fd1e,19.3822,1.687,1,3,188,99,3,360,360,937,0,0,0,0,0,0
69,896,-123.5812,19.3822,0.5487,16.2388,e72f7fda-728f-4334-87e2-e0b06814fd1e,19.3822,1.687,1,3,188,99,3,360,360,942,0,0,0,0,0,0
70,880,-118.0519,19.3822,-0.476,16.5351,e72f7fda-728f-4334-87e2-e0b06814fd1e,19.3822,1.687,1,3,188,99,3,360,360,958,0,0,0,0,0,0
71,562,-135.7099,19.3822,-23.6367,13.8328,e72f7fda-728f-4334-87e2-e0b06814fd1e,19.3822,1.687,1,3,188,99,3,360,360,1051,0,0,0,0,0,0
72,830,-122.9143,19.3822,-3.9727,17.4457,e72f7fda-728f-4334-87e2-e0b06814fd1e,19.3822,1.687,1,3,188,99,3,360,360,948,0,0,0,0,0,0
73,850,-119.0075,21.0488,-1.6335,21.0488,2a0082ac-4395-4da0-89e7-078513347d61,21.0488,3.2435,1,4,218,179,4,360,360,930,0,0,0,0,0,0
74,805,-122.485,22.7422,-5.3275,22.7422,c521ec5c-eef4-45f5-a475-773ee74bef9e,22.7422,1.0757,1,4,218,178,4,360,360,952,0,0,0,0,0,0
75,819,-119.2011,22.7422,-3.4234,18.4528,c521ec5c-eef4-45f5-a475-773ee74bef9e,22.7422,1.0757,1,4,218,178,4,360,360,951,0,0,0,0,0,0
76,486,-124.7623,22.7422,-25.4659,11.1944,c521ec5c-eef4-45f5-a475-773ee74bef9e,22.7422,1.0757,1,4,218,178,4,360,360,1071,0,0,0,0,0,0
77,812,-119.2414,22.7422,-3.0993,19.3671,c521ec5c-eef4-45f5-a475-773ee74bef9e,22.7422,1.0757,1,4,218,178,4,360,360,946,0,0,0,0,0,0
78,873,-119.393,22.7422,-1.0462,21.1089,c521ec5c-eef4-45f5-a475-773ee74bef9e,22.7422,1.0757,1,4,218,178,4,360,360,943,0,0,0,0,0,0
79,803,-119.7194,22.7422,-3.4786,22.2067,c521ec5c-eef4-45f5-a475-773ee74bef9e,22.7422,1.0757,1,4,218,178,4,360,360,922,0,0,0,0,0,0
80,783,-119.3294,22.7422,-4.7852,21.1319,c521ec5c-eef4-45f5-a475-773ee74bef9e,22.7422,1.0757,1,4,218,178,4,360,360,933,0,0,0,0,0,0
81,501,-124.6479,22.7422,-26.1083,8.4661,c521ec5c-eef4-45f5-a475-773ee74bef9e,22.7422,1.0757,1,4,218,178,4,360,360,1064,0,0,0,0,0,0
82,849,-122.9439,22.7422,-1.0361,20.084,c521ec5c-eef4-45f5-a475-773ee74bef9e,22.7422,1.0757,1,4,218,178,4,360,360,920,0,0,0,0,0,0
83,827,-124.9459,22.7422,-3.3436,22.337,c521ec5c-eef4-45f5-a475-773ee74bef9e,22.7422,1.0757,1,4,218,178,4,360,360,942,0,0,0,0,0,0
84,809,-128.1048,22.7422,-2.7638,21.392,c521ec5c-eef4-45f5-a475-773ee74bef9e,22.7422,1.0757,1,4,218,178,4,360,360,931,0,0,0,0,0,0
85,906,-124.7135,22.7422,0.2607,20.3558,c521ec5c-eef4-45f5-a475-773ee74bef9e,22.7422,1.0757,1,4,218,178,4,360,360,961,0,0,0,0,0,0
86,576,-122.9044,22.7422,-21.6686,16.3076,c521ec5c-eef4-45f5-a475-773ee74bef9e,22.7422,1.0757,1,4,218,178,4,360,360,1056,0,0,0,0,0,0
87,803,-119.1618,22.7422,-4.4328,21.7032,c521ec5c-eef4-45f5-a475-773ee74bef9e,22.7422,1.0757,1,4,218,178,4,360,360,955,0,0,0,0,0,0
88,837,-124.8204,23.0939,-1.5483,23.0939,2340aebc-48a3-41e7-8a13-6009f145bce2,23.0939,0.8175,1,4,216,179,4,360,360,936,0,0,0,0,0,0
89,813,-123.3461,23.6823,-2.707,23.6823,3722fb2a-6a33-40a4-b0b4-336927d2adbf,23.6823,2.6476,1,4,250,103,4,360,360,948,0,0,0,0,0,0
90,835,-125.9669,23.6823,-1.4546,21.4374,3722fb2a-6a33-40a4-b0b4-336927d2adbf,23.6823,2.6476,1,4,250,103,4,360,360,921,0,0,0,0,0,0
91,482,-138.9014,23.6823,-26.689,17.7733,3722fb2a-6a33-40a4-b0b4-336927d2adbf,23.6823,2.6476,1,4,250,103,4,360,360,1047,0,0,0,0,0,0
92,775,-119.3205,24.6298,-3.0293,24.6298,e1f4d1e4-b8e4-47b0-b424-f68c57caba85,24.6298,2.1831,1,4,250,103,4,360,360,936,0,0,0,0,0,0
93,867,-122.9054,24.6298,0.6745,21.6111,e1f4d1e4-b8e4-47b0-b424-f68c57caba85,24.6298,2.1831,1,4,250,103,4,360,360,921,0,0,0,0,0,0
94,751,-123.308,26.8132,-5.1935,26.8132,054c7a54-c78d-4e0f-bbf6-d055b17a04cb,26.8132,4.8487,1,4,249,102,4,360,360,951,0,0,0,0,0,0
95,780,-119.5438,26.8132,-4.5422,20.9051,054c7a54-c78d-4e0f-bbf6-d055b17a04cb,26.8132,4.8487,1,4,249,102,4,360,360,948,0,0,0,0,0,0
96,564,-123.3279,26.8132,-22.4411,18.6519,054c7a54-c78d-4e0f-bbf6-d055b17a04cb,26.8132,4.8487,1,4,249,102,4,360,360,1074,0,0,0,0,0,0
97,792,-139.7057,26.8132,-4.8837,21.4339,054c7a54-c78d-4e0f-bbf6-d055b17a04cb,26.8132,4.8487,1,4,249,102,4,360,360,938,0,0,0,0,0,0
98,814,-123.1081,26.8132,-2.8573,25.8395,054c7a54-c78d-4e0f-bbf6-d055b17a04cb,26.8132,4.8487,1,4,249,102,4,360,360,956,0,0,0,0,0,0
99,819,-127.9705,26.8132,-1.9749,23.5666,054c7a54-c78d-4e0f-bbf6-d055b17a04cb,26.8132,4.8487,1,4,249,102,4,360,360,947,0,0,0,0,0,0
100,843,-123.5345,26.8132,-0.2766,24.6083,054c7a54-c78d-4e0f-bbf6-d055b17a04cb,26.8132,4.8487,1,4,249,102,4,360,360,941,0,0,0,0,0,0
101,575,-123.2966,26.8132,-22.5548,19.9525,054c7a54-c78d-4e0f-bbf6-d055b17a04cb,26.8132,4.8487,1,4,249,102,4,360,360,1056,0,0,0,0,0,0
102,820,-148.4088,26.8132,-2.478,25.1463,054c7a54-c78d-4e0f-bbf6-d055b17a04cb,26.8132,4.8487,1,4,249,102,4,360,360,965,0,0,0,0,0,0
103,798,-124.2797,26.8132,-1.0202,26.3595,054c7a54-c78d-4e0f-bbf6-d055b17a04cb,26.8132,4.8487,1,4,249,102,4,360,360,944,0,0,0,0,0,0
104,799,-123.2484,26.8132,-2.0709,25.5536,054c7a54-c78d-4e0f-bbf6-d055b17a04cb,26.8132,4.8487,1,4,249,102,4,360,360,935,0,0,0,0,0,0
105,723,-123.6035,27.3146,-6.1222,27.3146,9d2160df-6e0c-42f0-ad4a-285d8ad8a887,27.3146,4.5697,1,4,250,103,4,360,360,948,0,0,0,0,0,0
106,509,-126.4225,27.3146,-22.8009,19.4193,9d2160df-6e0c-42f0-ad4a-285d8ad8a887,27.3146,4.5697,1,4,250,103,4,360,360,1045,0,0,0,0,0,0
107,775,-123.1212,29.2709,-2.5867,29.2709,8b210174-0b9e-4991-a88d-63bcbe776008,29.2709,1.1031,1,4,250,102,4,360,360,919,0,0,0,0,0,0
108,837,-119.4757,29.3165,1.1194,29.3165,2c584667-79e3-4fa8-9686-8ef24d418a5e,29.3165,3.172,1,4,251,99,4,360,360,924,0,0,0,0,0,0
109,828,-124.5766,29.3165,1.1697,25.6097,2c584667-79e3-4fa8-9686-8ef24d418a5e,29.3165,3.172,1,4,251,99,4,360,360,936,0,0,0,0,0,0
110,789,-125.0537,30.0707,-1.2873,30.0707,73c7ad93-83f4-435c-924d-7f54a1038620,30.0707,7.8865,1,4,251,101,4,360,360,936,0,0,0,0,0,0
111,550,-123.8652,30.0707,-20.8645,12.1743,73c7ad93-83f4-435c-924d-7f54a1038620,30.0707,7.8865,1,4,251,101,4,360,360,1056,0,0,0,0,0,0
112,835,-126.8057,31.0622,1.6113,31.0622,d04d77bf-d8c2-4246-9c8e-de45f67d33b0,31.0622,7.1797,1,4,251,104,4,360,360,944,0,0,0,0,0,0
113,861,-120.822,33.8795,2.652,33.8795,a5cdb878-b08e-4539-9d19-b71f255d13f9,33.8795,5.7072,1,4,252,99,4,360,360,956,0,0,0,0,0,0
114,821,-122.5922,33.8795,1.0602,29.4181,a5cdb878-b08e-4539-9d19-b71f255d13f9,33.8795,5.7072,1,4,252,99,4,360,360,926,0,0,0,0,0,0
115,775,-124.0852,33.8795,-0.0268,31.7388,a5cdb878-b08e-4539-9d19-b71f255d13f9,33.8795,5.7072,1,4,252,99,4,360,360,925,0,0,0,0,0,0
116,501,-154.1966,33.8795,-21.1301,27.3674,a5cdb878-b08e-4539-9d19-b71f255d13f9,33.8795,5.7072,1,4,252,99,4,360,360,1043,0,0,0,0,0,0
117,730,-121.6736,33.8795,-3.0461,29.2293,a5cdb878-b08e-4539-9d19-b71f255d13f9,33.8795,5.7072,1,4,252,99,4,360,360,974,0,0,0,0,0,0
118,784,-118.0973,34.8855,0.161,34.8855,4db8b298-65bf-4cd9-8fa6-73c4b9c52de2,34.8855,13.4277,1,4,250,105,4,360,360,975,0,0,0,0,0,0
119,822,-123.5707,35.7496,4.0807,35.7496,972a8f60-07cd-4c67-ab99-c9170558d995,35.7496,3.456,1,4,252,104,4,360,360,982,0,0,0,0,0,0
120,838,-124.4905,35.7496,4.1029,30.4748,972a8f60-07cd-4c67-ab99-c9170558d995,35.7496,3.456,1,4,252,104,4,360,360,975,0,0,0,0,0,0
121,544,-124.7172,35.7496,-18.7022,24.668,972a8f60-07cd-4c67-ab99-c9170558d995,35.7496,3.456,1,4,252,104,4,360,360,1071,0,0,0,0,0,0
122,832,-118.8795,35.7496,4.8903,32.9605,972a8f60-07cd-4c67-ab99-c9170558d995,35.7496,3.456,1,4,252,104,4,360,360,985,0,0,0,0,0,0
123,756,-124.6795,35.7496,0.9749,31.4067,972a8f60-07cd-4c67-ab99-c9170558d995,35.7496,3.456,1,4,252,104,4,360,360,984,0,0,0,0,0,0
124,821,-124.6274,35.7496,3.6567,31.5774,972a8f60-07cd-4c67-ab99-c9170558d995,35.7496,3.456,1,4,252,104,4,360,360,979,0,0,0,0,0,0
125,782,-124.6844,35.7496,2.4732,33.3596,972a8f60-07cd-4c67-ab99-c9170558d995,35.7496,3.456,1,4,252,104,4,360,360,992,0,0,0,0,0,0
126,597,-127.8752,35.7496,-15.2241,25.3744,972a8f60-07cd-4c67-ab99-c9170558d995,35.7496,3.456,1,4,252,104,4,360,360,1100,0,0,0,0,0,0
127,855,-124.4148,35.7496,6.7982,34.2987,972a8f60-07cd-4c67-ab99-c9170558d995,35.7496,3.456,1,4,252,104,4,360,360,978,0,0,0,0,0,0
128,827,-124.4802,35.7496,4.3316,32.3643,972a8f60-07cd-4c67-ab99-c9170558d995,35.7496,3.456,1,4,252,104,4,360,360,996,0,0,0,0,0,0
129,767,-118.9317,36.9529,-0.0248,36.9529,144b1827-4acb-4ebb-88b3-58416536c680,36.9529,3.2799,1,4,249,105,4,360,360,998,0,0,0,0,0,0
130,815,-124.693,37.4898,3.2825,37.4898,3d6d884d-abf5-4d2c-b30b-16a0d05a21e9,37.4898,6.5791,1,4,250,105,4,360,360,997,0,0,0,0,0,0
131,548,-129.5809,37.4898,-17.3157,28.0937,3d6d884d-abf5-4d2c-b30b-16a0d05a21e9,37.4898,6.5791,1,4,250,105,4,360,360,1072,0,0,0,0,0,0
132,824,-118.8889,37.4898,7.5489,35.8457,3d6d884d-abf5-4d2c-b30b-16a0d05a21e9,37.4898,6.5791,1,4,250,105,4,360,360,993,0,0,0,0,0,0
133,831,-123.7037,37.4996,6.4311,37.4996,108fc0ca-bfdb-40e0-8267-68a97bfcce6c,37.4996,6.04,1,4,250,104,4,360,360,989,0,0,0,0,0,0
134,766,-126.0178,37.4996,3.1778,35.8199,108fc0ca-bfdb-40e0-8267-68a97bfcce6c,37.4996,6.04,1,4,250,104,4,360,360,1011,0,0,0,0,0,0
135,837,-124.3509,38.6024,5.3954,38.6024,792cee04-47dc-4287-a510-89528b1cc9c7,38.6024,5.8444,1,4,248,107,4,360,360,1008,0,0,0,0,0,0
136,515,-123.1793,38.6024,-16.4625,21.8749,792cee04-47dc-4287-a510-89528b1cc9c7,38.6024,5.8444,1,4,248,107,4,360,360,1116,0,0,0,0,0,0
137,756,-119.0612,39.7288,5.8309,39.7288,b4ae2b5b-af01-4df4-a250-5be581bfb9d3,39.7288,3.5203,1,4,247,104,4,360,360,1008,0,0,0,0,0,0
138,799,-124.676,39.7288,6.2293,37.5921,b4ae2b5b-af01-4df4-a250-5be581bfb9d3,39.7288,3.5203,1,4,247,104,4,360,360,1002,0,0,0,0,0,0
139,776,-119.4158,39.7288,2.5658,35.0632,b4ae2b5b-af01-4df4-a250-5be581bfb9d3,39.7288,3.5203,1,4,247,104,4,360,360,1027,0,0,0,0,0,0
140,769,-124.4873,39.7288,6.4534,39.1274,b4ae2b5b-af01-4df4-a250-5be581bfb9d3,39.7288,3.5203,1,4,247,104,4,360,360,1023,0,0,0,0,0,0
141,586,-126.9236,39.7288,-14.514,12.0362,b4ae2b5b-af01-4df4-a250-5be581bfb9d3,39.7288,3.5203,1,4,247,104,4,360,360,1151,0,0,0,0,0,0
142,776,-124.6416,42.2757,6.2567,42.2757,6b99db08-4253-48ad-8ec3-c12e4541ed54,42.2757,2.1579,1,4,252,100,4,360,360,1056,0,0,0,0,0,0
143,773,-116.5382,42.2757,6.4791,38.7732,6b99db08-4253-48ad-8ec3-c12e4541ed54,42.2757,2.1579,1,4,252,100,4,360,360,1043,0,0,0,0,0,0
144,708,-123.3613,42.2757,4.307,38.4663,6b99db08-4253-48ad-8ec3-c12e4541ed54,42.2757,2.1579,1,4,252,100,4,360,360,1026,0,0,0,0,0,0
145,794,-124.667,61.1008,5.6947,61.1008,da4e7870-9d28-41e7-834b-e65e6eb7016f,61.1008,8.4829,1,4,255,106,4,360,360,1034,0,0,0,0,0,0
146,517,-129.7197,61.1008,-14.3028,33.9401,da4e7870-9d28-41e7-834b-e65e6eb7016f,61.1008,8.4829,1,4,255,106,4,360,360,1160,0,0,0,0,0,0
147,757,-127.6784,64.2892,4.6927,64.2892,df0a25a9-b366-411e-b615-f208fe198cbf,64.2892,2.0941,1,4,254,106,4,360,360,1036,0,0,0,0,0,0
148,776,-124.5615,64.2892,4.0786,41.9586,df0a25a9-b366-411e-b615-f208fe198cbf,64.2892,2.0941,1,4,254,106,4,360,360,1019,0,0,0,0,0,0
149,765,-126.01,64.2892,6.5938,45.1027,df0a25a9-b366-411e-b615-f208fe198cbf,64.2892,2.0941,1,4,254,106,4,360,360,1009,0,0,0,0,0,0
150,829,-118.1826,64.2892,10.2163,39.6389,df0a25a9-b366-411e-b615-f208fe198cbf,64.2892,2.0941,1,4,254,106,4,360,360,1002,0,0,0,0,0,0
151,526,-149.7142,64.2892,-15.1027,46.6084,df0a25a9-b366-411e-b615-f208fe198cbf,64.2892,2.0941,1,4,254,106,4,360,360,1105,0,0,0,0,0,0
152,757,-120.1198,67.5471,7.1385,67.5471,3c1934ca-2ff6-4bfc-86a6-ef6715652d84,67.5471,7.3099,1,4,253,106,4,360,360,1018,0,0,0,0,0,0
153,773,-120.1832,67.5471,7.5626,44.3036,3c1934ca-2ff6-4bfc-86a6-ef6715652d84,67.5471,7.3099,1,4,253,106,4,360,360,1005,0,0,0,0,0,0
154,746,-124.4682,67.5471,4.5029,47.983,3c1934ca-2ff6-4bfc-86a6-ef6715652d84,67.5471,7.3099,1,4,253,106,4,360,360,1005,0,0,0,0,0,0
155,778,-119.0425,67.5471,8.9656,46.0216,3c1934ca-2ff6-4bfc-86a6-ef6715652d84,67.5471,7.3099,1,4,253,106,4,360,360,991,0,0,0,0,0,0
156,474,-141.9296,67.5471,-15.7818,26.2883,3c1934ca-2ff6-4bfc-86a6-ef6715652d84,67.5471,7.3099,1,4,253,106,4,360,360,1121,0,0,0,0,0,0
157,736,-122.3407,67.5471,7.6055,54.1001,3c1934ca-2ff6-4bfc-86a6-ef6715652d84,67.5471,7.3099,1,4,253,106,4,360,360,1004,0,0,0,0,0,0
158,746,-124.6184,67.5471,6.3477,63.9776,3c1934ca-2ff6-4bfc-86a6-ef6715652d84,67.5471,7.3099,1,4,253,106,4,360,360,1030,0,0,0,0,0,0
159,842,-123.9078,67.8633,12.2579,67.8633,0297f3fd-0703-4e29-834f-c6a70340b98b,67.8633,6.1511,1,4,255,107,4,360,360,999,0,0,0,0,0,0
160,792,-119.931,67.8633,8.9461,50.1984,0297f3fd-0703-4e29-834f-c6a70340b98b,67.8633,6.1511,1,4,255,107,4,360,360,1026,0,0,0,0,0,0
161,527,-122.8046,67.8633,-13.145,22.0994,0297f3fd-0703-4e29-834f-c6a70340b98b,67.8633,6.1511,1,4,255,107,4,360,360,1131,0,0,0,0,0,0
162,782,-119.5491,67.8633,7.2424,61.8114,0297f3fd-0703-4e29-834f-c6a70340b98b,67.8633,6.1511,1,4,255,107,4,360,360,1011,0,0,0,0,0,0
163,826,-121.6953,67.8633,11.6908,60.6771,0297f3fd-0703-4e29-834f-c6a70340b98b,67.8633,6.1511,1,4,255,107,4,360,360,1004,0,0,0,0,0,0
164,816,-132.5171,67.8633,11.7545,62.8002,0297f3fd-0703-4e29-834f-c6a70340b98b,67.8633,6.1511,1,4,255,107,4,360,360,976,0,0,0,0,0,0
165,768,-127.8059,67.8633,11.8593,65.4856,0297f3fd-0703-4e29-834f-c6a70340b98b,67.8633,6.1511,1,4,255,107,4,360,360,1003,0,0,0,0,0,0
166,485,-128.9282,67.8633,-11.6254,49.0822,0297f3fd-0703-4e29-834f-c6a70340b98b,67.8633,6.1511,1,4,255,107,4,360,360,1099,0,0,0,0,0,0
167,756,-123.29,67.8633,10.4373,67.3283,0297f3fd-0703-4e29-834f-c6a70340b98b,67.8633,6.1511,1,4,255,107,4,360,360,994,0,0,0,0,0,0
168,758,-127.4574,70.2477,12.0037,70.2477,fa3b8332-97be-4f4f-9e53-068725371c37,70.2477,4.9351,1,4,254,105,4,360,360,988,0,0,0,0,0,0
169,792,-126.9617,70.2477,15.4074,65.1352,fa3b8332-97be-4f4f-9e53-068725371c37,70.2477,4.9351,1,4,254,105,4,360,360,1003,0,0,0,0,0,0
170,759,-127.1741,70.2477,13.7785,63.8428,fa3b8332-97be-4f4f-9e53-068725371c37,70.2477,4.9351,1,4,254,105,4,360,360,996,0,0,0,0,0,0
171,442,-129.8783,70.2477,-11.8798,23.097,fa3b8332-97be-4f4f-9e53-068725371c37,70.2477,4.9351,1,4,254,105,4,360,360,1078,0,0,0,0,0,0
172,761,-122.5972,70.2477,12.8408,68.2753,fa3b8332-97be-4f4f-9e53-068725371c37,70.2477,4.9351,1,4,254,105,4,360,360,986,0,0,0,0,0,0
173,829,-124.6276,70.2477,15.714,66.3941,fa3b8332-97be-4f4f-9e53-068725371c37,70.2477,4.9351,1,4,254,105,4,360,360,975,0,0,0,0,0,0
174,741,-123.5968,70.2477,12.0088,67.0855,fa3b8332-97be-4f4f-9e53-068725371c37,70.2477,4.9351,1,4,254,105,4,360,360,950,0,0,0,0,0,0
175,767,-124.6158,70.2477,14.079,68.5446,fa3b8332-97be-4f4f-9e53-068725371c37,70.2477,4.9351,1,4,254,105,4,360,360,968,0,0,0,0,0,0
176,463,-132.9306,70.2477,-10.0887,30.3948,fa3b8332-97be-4f4f-9e53-068725371c37,70.2477,4.9351,1,4,254,105,4,360,360,1084,0,0,0,0,0,0
177,828,-126.4829,70.2477,17.3614,66.8085,fa3b8332-97be-4f4f-9e53-068725371c37,70.2477,4.9351,1,4,254,105,4,360,360,965,0,0,0,0,0,0
178,735,-127.8308,74.4755,13.1337,74.4755,742cf608-122d-4396-a538-673b941460a5,74.4755,7.8781,1,4,252,106,4,360,360,958,0,0,0,0,0,0
179,792,-125.271,74.4755,18.1284,69.3374,742cf608-122d-4396-a538-673b941460a5,74.4755,7.8781,1,4,252,106,4,360,360,939,0,0,0,0,0,0
180,737,-122.7581,74.4755,15.5595,68.4388,742cf608-122d-4396-a538-673b941460a5,74.4755,7.8781,1,4,252,106,4,360,360,937,0,0,0,0,0,0
181,453,-128.1595,74.4755,-8.3391,5.6576,742cf608-122d-4396-a538-673b941460a5,74.4755,7.8781,1,4,252,106,4,360,360,1033,0,0,0,0,0,0
182,685,-126.3787,74.4755,18.9825,70.2417,742cf608-122d-4396-a538-673b941460a5,74.4755,7.8781,1,4,252,106,4,360,360,909,0,0,0,0,0,0
183,638,-126.2631,74.4755,14.3826,67.9445,742cf608-122d-4396-a538-673b941460a5,74.4755,7.8781,1,4,252,106,4,360,360,961,0,0,0,0,0,0
184,608,-123.5428,74.4755,14.9193,70.7395,742cf608-122d-4396-a538-673b941460a5,74.4755,7.8781,1,4,252,106,4,360,360,935,0,0,0,0,0,0
185,710,-122.0899,74.4755,16.0816,70.8349,742cf608-122d-4396-a538-673b941460a5,74.4755,7.8781,1,4,252,106,4,360,360,945,0,0,0,0,0,0
186,366,-127.6085,74.4755,-8.388,5.5798,742cf608-122d-4396-a538-673b941460a5,74.4755,7.8781,1,4,252,106,4,360,360,1045,0,0,0,0,0,0
187,657,-124.924,74.4755,16.8274,71.1322,742cf608-122d-4396-a538-673b941460a5,74.4755,7.8781,1,4,252,106,4,360,360,944,0,0,0,0,0,0
188,641,-128.071,74.4755,16.4168,72.2612,742cf608-122d-4396-a538-673b941460a5,74.4755,7.8781,1,4,252,106,4,360,360,966,0,0,0,0,0,0
189,688,-125.3101,74.4755,17.0983,70.2714,742cf608-122d-4396-a538-673b941460a5,74.4755,7.8781,1,4,252,106,4,360,360,976,0,0,0,0,0,0
190,634,-125.732,74.4755,15.2125,70.4334,742cf608-122d-4396-a538-673b941460a5,74.4755,7.8781,1,4,252,106,4,360,360,985,0,0,0,0,0,0
191,421,-159.8955,74.4755,-6.4603,9.0871,742cf608-122d-4396-a538-673b941460a5,74.4755,7.8781,1,4,252,106,4,360,360,1070,0,0,0,0,0,0
192,682,-126.8659,74.4755,17.0876,70.4384,742cf608-122d-4396-a538-673b941460a5,74.4755,7.8781,1,4,252,106,4,360,360,978,0,0,0,0,0,0
193,657,-130.9543,79.1004,16.3601,79.1004,d874ebce-e12e-4e2f-a091-699a99aeb336,79.1004,3.527,1,4,251,106,4,360,360,1001,0,0,0,0,0,0
194,684,-127.6686,79.4678,18.4393,79.4678,a64d0f39-798c-45b0-8946-f653aa63a3c3,79.4678,4.426,1,4,251,106,4,360,360,989,0,0,0,0,0,0
195,666,-125.8731,79.4678,19.8043,72.8612,a64d0f39-798c-45b0-8946-f653aa63a3c3,79.4678,4.426,1,4,251,106,4,360,360,996,0,0,0,0,0,0
196,408,-133.9226,79.4678,-6.6274,12.2621,a64d0f39-798c-45b0-8946-f653aa63a3c3,79.4678,4.426,1,4,251,106,4,360,360,1102,0,0,0,0,0,0
197,682,-125.3169,79.4678,19.2777,77.4361,a64d0f39-798c-45b0-8946-f653aa63a3c3,79.4678,4.426,1,4,251,106,4,360,360,984,0,0,0,0,0,0
198,680,-123.9531,79.4678,20.7016,79.2209,a64d0f39-798c-45b0-8946-f653aa63a3c3,79.4678,4.426,1,4,251,106,4,360,360,994,0,0,0,0,0,0
199,653,-133.5539,79.4678,17.178,70.7876,a64d0f39-798c-45b0-8946-f653aa63a3c3,79.4678,4.426,1,4,251,106,4,360,360,984,0,0,0,0,0,0
200,674,-128.5527,79.4678,18.0025,79.2655,a64d0f39-798c-45b0-8946-f653aa63a3c3,79.4678,4.426,1,4,251,106,4,360,360,1022,0,0,0,0,0,0
201,462,-127.692,79.4678,-4.7632,40.859,a64d0f39-798c-45b0-8946-f653aa63a3c3,79.4678,4.426,1,4,251,106,4,360,360,1125,0,0,0,0,0,0
202,665,-129.9996,79.4678,20.2574,79.3893,a64d0f39-798c-45b0-8946-f653aa63a3c3,79.4678,4.426,1,4,251,106,4,360,360,992,0,0,0,0,0,0
203,668,-123.9694,79.4678,16.7501,73.6437,a64d0f39-798c-45b0-8946-f653aa63a3c3,79.4678,4.426,1,4,251,106,4,360,360,992,0,0,0,0,0,0
204,660,-127.7607,79.4678,16.7001,75.8465,a64d0f39-798c-45b0-8946-f653aa63a3c3,79.4678,4.426,1,4,251,106,4,360,360,974,0,0,0,0,0,0
205,668,-126.8306,79.4678,16.0354,74.301,a64d0f39-798c-45b0-8946-f653aa63a3c3,79.4678,4.426,1,4,251,106,4,360,360,987,0,0,0,0,0,0
206,393,-156.2636,79.4678,-6.9375,58.129,a64d0f39-798c-45b0-8946-f653aa63a3c3,79.4678,4.426,1,4,251,106,4,360,360,1073,0,0,0,0,0,0
207,598,-126.2773,79.4678,15.8556,75.6485,a64d0f39-798c-45b0-8946-f653aa63a3c3,79.4678,4.426,1,4,251,106,4,360,360,957,0,0,0,0,0,0
208,604,-126.62,80.8082,19.8184,80.8082,ac8610fc-6840-4646-aabe-f89212d4298b,80.8082,6.2505,1,4,257,106,4,360,360,976,0,0,0,0,0,0
209,668,-126.6774,80.8082,23.4156,75.6827,ac8610fc-6840-4646-aabe-f89212d4298b,80.8082,6.2505,1,4,257,106,4,360,360,962,0,0,0,0,0,0
210,657,-127.6505,80.8082,20.0988,77.2997,ac8610fc-6840-4646-aabe-f89212d4298b,80.8082,6.2505,1,4,257,106,4,360,360,984,0,0,0,0,0,0
211,433,-127.464,80.8082,-2.602,53.4033,ac8610fc-6840-4646-aabe-f89212d4298b,80.8082,6.2505,1,4,257,106,4,360,360,1096,0,0,0,0,0,0
212,679,-126.4395,81.5483,21.6626,81.5483,41c1de3a-8097-4a87-a38c-adba71e4cd37,81.5483,4.2322,1,4,252,107,4,360,360,999,0,0,0,0,0,0
213,596,-127.7826,83.3061,18.5182,83.3061,a63be50f-1604-4e32-be75-65dd19eaa660,83.3061,4.7513,1,4,249,108,4,360,360,961,0,0,0,0,0,0
214,745,-127.5252,83.347,23.2581,83.347,fdbd19c6-2b67-499c-8eae-db5ea9f629c6,83.347,5.1833,1,4,255,106,4,360,360,965,0,0,0,0,0,0
215,704,-126.9159,83.347,24.2765,78.3552,fdbd19c6-2b67-499c-8eae-db5ea9f629c6,83.347,5.1833,1,4,255,106,4,360,360,960,0,0,0,0,0,0
216,456,-130.8408,83.347,-2.7959,34.955,fdbd19c6-2b67-499c-8eae-db5ea9f629c6,83.347,5.1833,1,4,255,106,4,360,360,1060,0,0,0,0,0,0
217,677,-128.0499,86.435,21.423,86.435,999fe432-9f2e-4918-abb4-7edac0a198a2,86.435,6.0258,1,4,251,106,4,360,360,946,0,0,0,0,0,0
218,669,-124.7122,86.435,21.5173,81.6787,999fe432-9f2e-4918-abb4-7edac0a198a2,86.435,6.0258,1,4,251,106,4,360,360,960,0,0,0,0,0,0
219,632,-125.4025,86.435,23.5624,85.5939,999fe432-9f2e-4918-abb4-7edac0a198a2,86.435,6.0258,1,4,251,106,4,360,360,979,0,0,0,0,0,0
220,711,-124.5119,86.435,22.8546,83.4314,999fe432-9f2e-4918-abb4-7edac0a198a2,86.435,6.0258,1,4,251,106,4,360,360,971,0,0,0,0,0,0
221,419,-167.0828,86.435,-3.7221,24.9788,999fe432-9f2e-4918-abb4-7edac0a198a2,86.435,6.0258,1,4,251,106,4,360,360,1076,0,0,0,0,0,0
222,648,-126.8262,88.0951,17.1358,88.0951,f02c7511-e224-4fc8-b122-8fff5badc626,88.0951,8.9259,1,4,255,107,4,360,360,1019,0,0,0,0,0,0
223,624,-129.315,88.0951,22.3666,86.6733,f02c7511-e224-4fc8-b122-8fff5badc626,88.0951,8.9259,1,4,255,107,4,360,360,985,0,0,0,0,0,0
224,675,-126.7353,88.0951,22.4591,83.7689,f02c7511-e224-4fc8-b122-8fff5badc626,88.0951,8.9259,1,4,255,107,4,360,360,979,0,0,0,0,0,0
225,610,-124.0051,88.0951,21.683,86.4365,f02c7511-e224-4fc8-b122-8fff5badc626,88.0951,8.9259,1,4,255,107,4,360,360,948,0,0,0,0,0,0
226,428,-129.1403,88.0951,-1.6967,79.1304,f02c7511-e224-4fc8-b122-8fff5badc626,88.0951,8.9259,1,4,255,107,4,360,360,1062,0,0,0,0,0,0
227,685,-125.4209,92.5529,22.7637,92.5529,ecf8e715-c104-4592-8815-725728bb3bac,92.5529,6.4372,1,4,250,108,4,360,360,993,0,0,0,0,0,0
228,657,-127.6065,92.5529,23.6897,81.8327,ecf8e715-c104-4592-8815-725728bb3bac,92.5529,6.4372,1,4,250,108,4,360,360,990,0,0,0,0,0,0
229,655,-126.133,92.5529,28.0784,86.615,ecf8e715-c104-4592-8815-725728bb3bac,92.5529,6.4372,1,4,250,108,4,360,360,957,0,0,0,0,0,0
230,638,-126.6266,92.5529,24.772,87.9921,ecf8e715-c104-4592-8815-725728bb3bac,92.5529,6.4372,1,4,250,108,4,360,360,956,0,0,0,0,0,0
231,388,-130.9779,92.5529,-0.4293,4.3764,ecf8e715-c104-4592-8815-725728bb3bac,92.5529,6.4372,1,4,250,108,4,360,360,1045,0,0,0,0,0,0
232,630,-128.2776,92.5529,24.9034,83.4264,ecf8e715-c104-4592-8815-725728bb3bac,92.5529,6.4372,1,4,250,108,4,360,360,956,0,0,0,0,0,0
233,627,-129.1109,92.5529,26.2558,90.0432,ecf8e715-c104-4592-8815-725728bb3bac,92.5529,6.4372,1,4,250,108,4,360,360,938,0,0,0,0,0,0
234,699,-128.8642,92.5529,27.7748,90.9633,ecf8e715-c104-4592-8815-725728bb3bac,92.5529,6.4372,1,4,250,108,4,360,360,953,0,0,0,0,0,0
235,611,-127.4655,92.5529,28.0098,90.5683,ecf8e715-c104-4592-8815-725728bb3bac,92.5529,6.4372,1,4,250,108,4,360,360,974,0,0,0,0,0,0
236,468,-128.1455,92.5529,3.6323,38.2145,ecf8e715-c104-4592-8815-725728bb3bac,92.5529,6.4372,1,4,250,108,4,360,360,1078,0,0,0,0,0,0
237,598,-127.577,92.5529,26.6027,90.723,ecf8e715-c104-4592-8815-725728bb3bac,92.5529,6.4372,1,4,250,108,4,360,360,981,0,0,0,0,0,0
238,726,-127.5695,92.5529,29.961,87.4337,ecf8e715-c104-4592-8815-725728bb3bac,92.5529,6.4372,1,4,250,108,4,360,360,963,0,0,0,0,0,0
239,737,-126.8051,92.5529,31.3249,87.702,ecf8e715-c104-4592-8815-725728bb3bac,92.5529,6.4372,1,4,250,108,4,360,360,979,0,0,0,0,0,0
240,635,-126.8081,93.6239,26.6425,93.6239,341bbf2c-2dc7-4d9b-a8a4-538db290ab26,93.6239,8.895,1,4,255,104,4,360,360,977,0,0,0,0,0,0
241,393,-153.12,93.6239,1.5377,75.8402,341bbf2c-2dc7-4d9b-a8a4-538db290ab26,93.6239,8.895,1,4,255,104,4,360,360,1096,0,0,0,0,0,0
242,641,-135.2222,93.6239,24.0043,88.9431,341bbf2c-2dc7-4d9b-a8a4-538db290ab26,93.6239,8.895,1,4,255,104,4,360,360,973,0,0,0,0,0,0
243,764,-127.5761,93.6239,33.7305,90.7587,341bbf2c-2dc7-4d9b-a8a4-538db290ab26,93.6239,8.895,1,4,255,104,4,360,360,970,0,0,0,0,0,0
244,695,-126.7488,93.6239,28.7527,88.2378,341bbf2c-2dc7-4d9b-a8a4-538db290ab26,93.6239,8.895,1,4,255,104,4,360,360,946,0,0,0,0,0,0
245,645,-127.503,93.6239,25.0295,88.6228,341bbf2c-2dc7-4d9b-a8a4-538db290ab26,93.6239,8.895,1,4,255,104,4,360,360,942,0,0,0,0,0,0
246,445,-139.4954,93.6239,4.4594,72.0006,341bbf2c-2dc7-4d9b-a8a4-538db290ab26,93.6239,8.895,1,4,255,104,4,360,360,1071,0,0,0,0,0,0
247,621,-127.8141,93.6239,28.4692,87.1455,341bbf2c-2dc7-4d9b-a8a4-538db290ab26,93.6239,8.895,1,4,255,104,4,360,360,986,0,0,0,0,0,0
248,625,-125.143,93.6239,24.5975,86.6454,341bbf2c-2dc7-4d9b-a8a4-538db290ab26,93.6239,8.895,1,4,255,104,4,360,360,960,0,0,0,0,0,0
249,724,-124.5219,93.6239,30.0585,90.0792,341bbf2c-2dc7-4d9b-a8a4-538db290ab26,93.6239,8.895,1,4,255,104,4,360,360,988,0,0,0,0,0,0
250,682,-127.3732,95.1186,33.0078,95.1186,48257b60-1f2c-4652-87b6-51bc64d93573,95.1186,7.3739,1,4,252,104,4,360,360,1002,0,0,0,0,0,0
251,465,-128.9052,95.1186,5.0966,42.8327,48257b60-1f2c-4652-87b6-51bc64d93573,95.1186,7.3739,1,4,252,104,4,360,360,1085,0,0,0,0,0,0
252,690,-127.5707,95.1186,30.8441,87.6713,48257b60-1f2c-4652-87b6-51bc64d93573,95.1186,7.3739,1,4,252,104,4,360,360,990,0,0,0,0,0,0
253,573,-125.5409,95.1186,24.8737,93.6309,48257b60-1f2c-4652-87b6-51bc64d93573,95.1186,7.3739,1,4,252,104,4,360,360,1006,0,0,0,0,0,0
254,675,-129.3347,95.1186,29.0462,93.242,48257b60-1f2c-4652-87b6-51bc64d93573,95.1186,7.3739,1,4,252,104,4,360,360,1004,0,0,0,0,0,0
255,683,-122.0595,95.1186,32.277,88.6112,48257b60-1f2c-4652-87b6-51bc64d93573,95.1186,7.3739,1,4,252,104,4,360,360,1003,0,0,0,0,0,0
256,446,-147.3078,95.1186,5.1872,31.104,48257b60-1f2c-4652-87b6-51bc64d93573,95.1186,7.3739,1,4,252,104,4,360,360,1100,0,0,0,0,0,0
257,639,-123.9556,95.1186,32.8727,93.4707,48257b60-1f2c-4652-87b6-51bc64d93573,95.1186,7.3739,1,4,252,104,4,360,360,1003,0,0,0,0,0,0
258,633,-126.7046,95.222,27.513,95.222,c07a24ca-92ae-4b41-bb54-f3464165b5c8,95.222,2.9675,1,4,252,104,4,360,360,1027,0,0,0,0,0,0
259,731,-130.1704,95.222,33.54,89.5034,c07a24ca-92ae-4b41-bb54-f3464165b5c8,95.222,2.9675,1,4,252,104,4,360,360,1006,0,0,0,0,0,0
260,652,-129.8739,95.222,29.9311,93.2449,c07a24ca-92ae-4b41-bb54-f3464165b5c8,95.222,2.9675,1,4,252,104,4,360,360,1009,0,0,0,0,0,0
261,354,-126.7847,95.222,2.5585,30.3201,c07a24ca-92ae-4b41-bb54-f3464165b5c8,95.222,2.9675,1,4,252,104,4,360,360,1114,0,0,0,0,0,0
262,670,-127.0153,95.222,31.7491,92.1222,c07a24ca-92ae-4b41-bb54-f3464165b5c8,95.222,2.9675,1,4,252,104,4,360,360,1013,0,0,0,0,0,0
263,662,-127.6938,95.222,30.7868,94.6916,c07a24ca-92ae-4b41-bb54-f3464165b5c8,95.222,2.9675,1,4,252,104,4,360,360,996,0,0,0,0,0,0
264,756,-126.1135,95.222,33.2234,91.3924,c07a24ca-92ae-4b41-bb54-f3464165b5c8,95.222,2.9675,1,4,252,104,4,360,360,1003,0,0,0,0,0,0
265,669,-124.7108,95.222,31.3962,89.9487,c07a24ca-92ae-4b41-bb54-f3464165b5c8,95.222,2.9675,1,4,252,104,4,360,360,995,0,0,0,0,0,0
266,492,-128.3741,95.222,8.1162,82.0036,c07a24ca-92ae-4b41-bb54-f3464165b5c8,95.222,2.9675,1,4,252,104,4,360,360,1130,0,0,0,0,0,0
267,680,-123.7115,95.222,31.8189,92.1152,c07a24ca-92ae-4b41-bb54-f3464165b5c8,95.222,2.9675,1,4,252,104,4,360,360,993,0,0,0,0,0,0
268,648,-128.2148,95.222,30.7305,93.6873,c07a24ca-92ae-4b41-bb54-f3464165b5c8,95.222,2.9675,1,4,252,104,4,360,360,991,0,0,0,0,0,0
269,676,-128.5229,95.222,31.8098,94.4961,c07a24ca-92ae-4b41-bb54-f3464165b5c8,95.222,2.9675,1,4,252,104,4,360,360,963,0,0,0,0,0,0
270,722,-127.0125,95.222,31.8278,91.2786,c07a24ca-92ae-4b41-bb54-f3464165b5c8,95.222,2.9675,1,4,252,104,4,360,360,1003,0,0,0,0,0,0
271,462,-130.9666,95.222,5.9779,36.6612,c07a24ca-92ae-4b41-bb54-f3464165b5c8,95.222,2.9675,1,4,252,104,4,360,360,1097,0,0,0,0,0,0
272,688,-126.613,97.8733,32.0945,97.8733,9ced7d1e-b972-47d2-b1e9-326e3b2c568b,97.8733,9.1526,1,4,254,104,4,360,360,1016,0,0,0,0,0,0
273,749,-129.4974,97.8733,35.9494,92.9156,9ced7d1e-b972-47d2-b1e9-326e3b2c568b,97.8733,9.1526,1,4,254,104,4,360,360,1022,0,0,0,0,0,0
274,645,-127.8915,97.8733,30.9008,95.2119,9ced7d1e-b972-47d2-b1e9-326e3b2c568b,97.8733,9.1526,1,4,254,104,4,360,360,975,0,0,0,0,0,0
275,725,-133.5062,97.8733,35.2514,97.7196,9ced7d1e-b972-47d2-b1e9-326e3b2c568b,97.8733,9.1526,1,4,254,104,4,360,360,989,0,0,0,0,0,0
276,477,-126.8972,97.8733,7.4704,44.9385,9ced7d1e-b972-47d2-b1e9-326e3b2c568b,97.8733,9.1526,1,4,254,104,4,360,360,1092,0,0,0,0,0,0
277,658,-127.4478,97.8733,31.9258,93.4477,9ced7d1e-b972-47d2-b1e9-326e3b2c568b,97.8733,9.1526,1,4,254,104,4,360,360,1000,0,0,0,0,0,0
278,661,-131.7952,97.8733,29.3458,92.9451,9ced7d1e-b972-47d2-b1e9-326e3b2c568b,97.8733,9.1526,1,4,254,104,4,360,360,989,0,0,0,0,0,0
279,679,-128.4189,97.8733,30.3918,95.1709,9ced7d1e-b972-47d2-b1e9-326e3b2c568b,97.8733,9.1526,1,4,254,104,4,360,360,983,0,0,0,0,0,0
280,726,-127.3247,97.8733,34.9343,94.1853,9ced7d1e-b972-47d2-b1e9-326e3b2c568b,97.8733,9.1526,1,4,254,104,4,360,360,981,0,0,0,0,0,0
281,414,-136.3396,97.8733,6.238,39.0527,9ced7d1e-b972-47d2-b1e9-326e3b2c568b,97.8733,9.1526,1,4,254,104,4,360,360,1100,0,0,0,0,0,0
282,669,-127.2953,97.8733,31.0615,96.2825,9ced7d1e-b972-47d2-b1e9-326e3b2c568b,97.8733,9.1526,1,4,254,104,4,360,360,1012,0,0,0,0,0,0
283,679,-133.5079,97.8733,33.1211,93.947,9ced7d1e-b972-47d2-b1e9-326e3b2c568b,97.8733,9.1526,1,4,254,104,4,360,360,983,0,0,0,0,0,0
284,705,-162.8802,97.8733,35.6852,93.0884,9ced7d1e-b972-47d2-b1e9-326e3b2c568b,97.8733,9.1526,1,4,254,104,4,360,360,984,0,0,0,0,0,0
285,571,-128.3577,97.8733,30.4266,94.2751,9ced7d1e-b972-47d2-b1e9-326e3b2c568b,97.8733,9.1526,1,4,254,104,4,360,360,1013,0,0,0,0,0,0
286,377,-128.8401,97.8733,4.7216,19.7331,9ced7d1e-b972-47d2-b1e9-326e3b2c568b,97.8733,9.1526,1,4,254,104,4,360,360,1096,0,0,0,0,0,0
287,701,-128.2528,97.8733,34.1288,97.0174,9ced7d1e-b972-47d2-b1e9-326e3b2c568b,97.8733,9.1526,1,4,254,104,4,360,360,1010,0,0,0,0,0,0
288,651,-127.2836,97.8733,30.6461,95.808,9ced7d1e-b972-47d2-b1e9-326e3b2c568b,97.8733,9.1526,1,4,254,104,4,360,360,982,0,0,0,0,0,0
289,687,-138.9612,97.8733,31.7077,95.3105,9ced7d1e-b972-47d2-b1e9-326e3b2c568b,97.8733,9.1526,1,4,254,104,4,360,360,1016,0,0,0,0,0,0
290,743,-129.0192,97.8733,36.9203,95.3978,9ced7d1e-b972-47d2-b1e9-326e3b2c568b,97.8733,9.1526,1,4,254,104,4,360,360,1020,0,0,0,0,0,0
291,487,-137.2037,97.8733,9.1733,68.8281,9ced7d1e-b972-47d2-b1e9-326e3b2c568b,97.8733,9.1526,1,4,254,104,4,360,360,1093,0,0,0,0,0,0
292,726,-125.9051,97.8733,34.5196,96.5037,9ced7d1e-b972-47d2-b1e9-326e3b2c568b,97.8733,9.1526,1,4,254,104,4,360,360,994,0,0,0,0,0,0
293,765,-125.8392,97.8733,43.0516,97.6245,9ced7d1e-b972-47d2-b1e9-326e3b2c568b,97.8733,9.1526,1,4,254,104,4,360,360,982,0,0,0,0,0,0
294,678,-127.1197,97.8733,35.8366,95.9523,9ced7d1e-b972-47d2-b1e9-326e3b2c568b,97.8733,9.1526,1,4,254,104,4,360,360,1023,0,0,0,0,0,0
295,682,-127.9021,97.8733,32.602,92.8978,9ced7d1e-b972-47d2-b1e9-326e3b2c568b,97.8733,9.1526,1,4,254,104,4,360,360,1003,0,0,0,0,0,0
296,453,-128.1396,97.8733,9.6164,26.6078,9ced7d1e-b972-47d2-b1e9-326e3b2c568b,97.8733,9.1526,1,4,254,104,4,360,360,1084,0,0,0,0,0,0
297,738,-128.141,97.8733,37.0065,95.289,9ced7d1e-b972-47d2-b1e9-326e3b2c568b,97.8733,9.1526,1,4,254,104,4,360,360,995,0,0,0,0,0,0
298,684,-129.8387,97.8733,32.3107,96.6492,9ced7d1e-b972-47d2-b1e9-326e3b2c568b,97.8733,9.1526,1,4,254,104,4,360,360,997,0,0,0,0,0,0
299,693,-124.8309,97.8733,33.7481,93.2991,9ced7d1e-b972-47d2-b1e9-326e3b2c568b,97.8733,9.1526,1,4,254,104,4,360,360,996,0,0,0,0,0,0
300,670,-126.3077,97.8733,36.2453,93.5622,9ced7d1e-b972-47d2-b1e9-326e3b2c568b,97.8733,9.1526,1,4,254,104,4,360,360,983,0,0,0,0,0,0
301,367,-134.3184,97.8733,6.1848,41.4897,9ced7d1e-b972-47d2-b1e9-326e3b2c568b,97.8733,9.1526,1,4,254,104,4,360,360,1095,0,0,0,0,0,0
302,724,-126.2058,97.8733,34.5513,95.0928,9ced7d1e-b972-47d2-b1e9-326e3b2c568b,97.8733,9.1526,1,4,254,104,4,360,360,1004,0,0,0,0,0,0
303,670,-128.9048,99.995,34.6137,99.995,2fe3be29-bd5b-412a-8129-53add8f24da4,99.995,4.864,1,4,253,100,4,360,360,1005,0,0,0,0,0,0
304,645,-128.5979,99.995,30.9685,97.3969,2fe3be29-bd5b-412a-8129-53add8f24da4,99.995,4.864,1,4,253,100,4,360,360,996,0,0,0,0,0,0
305,691,-127.9419,99.995,33.3089,98.1758,2fe3be29-bd5b-412a-8129-53add8f24da4,99.995,4.864,1,4,253,100,4,360,360,1001,0,0,0,0,0,0
306,435,-128.2191,99.995,8.5161,54.1969,2fe3be29-bd5b-412a-8129-53add8f24da4,99.995,4.864,1,4,253,100,4,360,360,1109,0,0,0,0,0,0
307,726,-126.4859,99.995,39.7468,93.0884,2fe3be29-bd5b-412a-8129-53add8f24da4,99.995,4.864,1,4,253,100,4,360,360,999,0,0,0,0,0,0
308,676,-126.7927,99.995,40.0982,97.3821,2fe3be29-bd5b-412a-8129-53add8f24da4,99.995,4.864,1,4,253,100,4,360,360,983,0,0,0,0,0,0
309,659,-127.8117,99.995,32.0703,95.8512,2fe3be29-bd5b-412a-8129-53add8f24da4,99.995,4.864,1,4,253,100,4,360,360,1036,0,0,0,0,0,0
310,685,-126.8705,99.995,33.7415,94.7394,2fe3be29-bd5b-412a-8129-53add8f24da4,99.995,4.864,1,4,253,100,4,360,360,1012,0,0,0,0,0,0
311,395,-131.9365,99.995,7.6106,42.1464,2fe3be29-bd5b-412a-8129-53add8f24da4,99.995,4.864,1,4,253,100,4,360,360,1103,0,0,0,0,0,0
312,747,-127.1866,99.995,38.732,94.6311,2fe3be29-bd5b-412a-8129-53add8f24da4,99.995,4.864,1,4,253,100,4,360,360,993,0,0,0,0,0,0
313,673,-127.1321,99.995,34.4168,98.2225,2fe3be29-bd5b-412a-8129-53add8f24da4,99.995,4.864,1,4,253,100,4,360,360,1002,0,0,0,0,0,0
314,664,-128.8919,102.8598,33.3586,102.8598,d86b81a7-b9f2-4aff-9ee6-905b33430014,102.8598,7.42,1,4,248,108,4,360,360,1000,0,0,0,0,0,0
315,687,-127.1732,104.6922,35.4173,104.6922,081261fd-1fa1-4685-b250-b301059f05e1,104.6922,10.4709,1,4,249,105,4,360,360,995,0,0,0,0,0,0
316,427,-138.8455,104.6922,8.0758,41.5048,081261fd-1fa1-4685-b250-b301059f05e1,104.6922,10.4709,1,4,249,105,4,360,360,1093,0,0,0,0,0,0
317,694,-126.7624,104.6922,35.5518,93.8304,081261fd-1fa1-4685-b250-b301059f05e1,104.6922,10.4709,1,4,249,105,4,360,360,1017,0,0,0,0,0,0
318,702,-126.8036,104.6922,40.104,95.9561,081261fd-1fa1-4685-b250-b301059f05e1,104.6922,10.4709,1,4,249,105,4,360,360,1018,0,0,0,0,0,0
319,661,-127.3642,104.6922,33.9948,97.6867,081261fd-1fa1-4685-b250-b301059f05e1,104.6922,10.4709,1,4,249,105,4,360,360,1025,0,0,0,0,0,0
320,723,-130.3045,104.6922,39.8963,94.9255,081261fd-1fa1-4685-b250-b301059f05e1,104.6922,10.4709,1,4,249,105,4,360,360,999,0,0,0,0,0,0
321,413,-128.5798,104.6922,7.3869,71.2387,081261fd-1fa1-4685-b250-b301059f05e1,104.6922,10.4709,1,4,249,105,4,360,360,1102,0,0,0,0,0,0
322,642,-127.549,104.6922,35.0927,95.1044,081261fd-1fa1-4685-b250-b301059f05e1,104.6922,10.4709,1,4,249,105,4,360,360,1003,0,0,0,0,0,0
323,617,-130.0457,104.6922,30.5777,94.3982,081261fd-1fa1-4685-b250-b301059f05e1,104.6922,10.4709,1,4,249,105,4,360,360,1018,0,0,0,0,0,0
324,678,-126.0025,104.6922,34.459,95.1985,081261fd-1fa1-4685-b250-b301059f05e1,104.6922,10.4709,1,4,249,105,4,360,360,972,0,0,0,0,0,0
325,688,-127.4046,104.6922,34.2195,95.1208,081261fd-1fa1-4685-b250-b301059f05e1,104.6922,10.4709,1,4,249,105,4,360,360,1011,0,0,0,0,0,0
326,390,-140.432,104.6922,8.8079,73.4054,081261fd-1fa1-4685-b250-b301059f05e1,104.6922,10.4709,1,4,249,105,4,360,360,1109,0,0,0,0,0,0
327,727,-128.7491,104.6922,38.6113,95.22,081261fd-1fa1-4685-b250-b301059f05e1,104.6922,10.4709,1,4,249,105,4,360,360,1012,0,0,0,0,0,0
328,631,-127.8421,104.6922,31.4419,95.1004,081261fd-1fa1-4685-b250-b301059f05e1,104.6922,10.4709,1,4,249,105,4,360,360,1020,0,0,0,0,0,0
329,640,-129.4496,104.6922,34.6776,94.5594,081261fd-1fa1-4685-b250-b301059f05e1,104.6922,10.4709,1,4,249,105,4,360,360,1003,0,0,0,0,0,0
330,689,-129.6499,104.6922,36.4343,98.4872,081261fd-1fa1-4685-b250-b301059f05e1,104.6922,10.4709,1,4,249,105,4,360,360,1013,0,0,0,0,0,0
331,443,-126.8294,104.6922,9.0364,50.8707,081261fd-1fa1-4685-b250-b301059f05e1,104.6922,10.4709,1,4,249,105,4,360,360,1110,0,0,0,0,0,0
332,596,-127.2568,104.6922,35.3264,97.2874,081261fd-1fa1-4685-b250-b301059f05e1,104.6922,10.4709,1,4,249,105,4,360,360,1021,0,0,0,0,0,0
333,731,-130.3318,104.6922,37.0175,95.8383,081261fd-1fa1-4685-b250-b301059f05e1,104.6922,10.4709,1,4,249,105,4,360,360,986,0,0,0,0,0,0
334,648,-129.7322,104.6922,34.8718,95.86,081261fd-1fa1-4685-b250-b301059f05e1,104.6922,10.4709,1,4,249,105,4,360,360,988,0,0,0,0,0,0
335,681,-128.2062,104.6922,37.8304,96.6715,081261fd-1fa1-4685-b250-b301059f05e1,104.6922,10.4709,1,4,249,105,4,360,360,1009,0,0,0,0,0,0
336,451,-127.7913,104.6922,8.9186,35.3182,081261fd-1fa1-4685-b250-b301059f05e1,104.6922,10.4709,1,4,249,105,4,360,360,1118,0,0,0,0,0,0
337,760,-129.4692,104.6922,42.1145,95.2658,081261fd-1fa1-4685-b250-b301059f05e1,104.6922,10.4709,1,4,249,105,4,360,360,1031,0,0,0,0,0,0
338,704,-131.4133,104.6922,35.824,96.9378,081261fd-1fa1-4685-b250-b301059f05e1,104.6922,10.4709,1,4,249,105,4,360,360,1003,0,0,0,0,0,0
339,612,-126.7265,104.6922,35.546,98.2491,081261fd-1fa1-4685-b250-b301059f05e1,104.6922,10.4709,1,4,249,105,4,360,360,1011,0,0,0,0,0,0
340,641,-125.676,104.6922,36.3443,96.0805,081261fd-1fa1-4685-b250-b301059f05e1,104.6922,10.4709,1,4,249,105,4,360,360,1002,0,0,0,0,0,0
341,446,-128.5212,104.6922,8.4237,5.8053,081261fd-1fa1-4685-b250-b301059f05e1,104.6922,10.4709,1,4,249,105,4,360,360,1119,0,0,0,0,0,0
342,732,-127.0446,104.6922,37.0676,97.0032,081261fd-1fa1-4685-b250-b301059f05e1,104.6922,10.4709,1,4,249,105,4,360,360,1008,0,0,0,0,0,0
343,679,-128.8172,104.6922,33.3139,95.4354,081261fd-1fa1-4685-b250-b301059f05e1,104.6922,10.4709,1,4,249,105,4,360,360,1007,0,0,0,0,0,0
344,694,-126.4684,104.6922,35.3316,97.0971,081261fd-1fa1-4685-b250-b301059f05e1,104.6922,10.4709,1,4,249,105,4,360,360,1013,0,0,0,0,0,0
345,702,-127.8293,104.6922,33.0898,98.7826,081261fd-1fa1-4685-b250-b301059f05e1,104.6922,10.4709,1,4,249,105,4,360,360,1012,0,0,0,0,0,0
346,482,-128.1675,104.6922,11.0554,68.3623,081261fd-1fa1-4685-b250-b301059f05e1,104.6922,10.4709,1,4,249,105,4,360,360,1124,0,0,0,0,0,0
347,707,-130.0649,104.6922,34.7401,93.9282,081261fd-1fa1-4685-b250-b301059f05e1,104.6922,10.4709,1,4,249,105,4,360,360,1009,0,0,0,0,0,0
348,684,-128.7049,104.6922,34.6135,96.4429,081261fd-1fa1-4685-b250-b301059f05e1,104.6922,10.4709,1,4,249,105,4,360,360,1031,0,0,0,0,0,0
349,687,-130.2173,104.6922,38.8177,97.205,081261fd-1fa1-4685-b250-b301059f05e1,104.6922,10.4709,1,4,249,105,4,360,360,1004,0,0,0,0,0,0
350,700,-125.9934,104.6922,36.6775,95.8672,081261fd-1fa1-4685-b250-b301059f05e1,104.6922,10.4709,1,4,249,105,4,360,360,1040,0,0,0,0,0,0
351,414,-129.9898,104.6922,8.7364,59.1056,081261fd-1fa1-4685-b250-b301059f05e1,104.6922,10.4709,1,4,249,105,4,360,360,1121,0,0,0,0,0,0
352,674,-125.5878,104.6922,36.7673,93.6543,081261fd-1fa1-4685-b250-b301059f05e1,104.6922,10.4709,1,4,249,105,4,360,360,1019,0,0,0,0,0,0
353,704,-130.623,104.6922,37.7871,95.6383,081261fd-1fa1-4685-b250-b301059f05e1,104.6922,10.4709,1,4,249,105,4,360,360,1030,0,0,0,0,0,0
354,655,-124.9284,104.6922,32.8322,98.2421,081261fd-1fa1-4685-b250-b301059f05e1,104.6922,10.4709,1,4,249,105,4,360,360,1015,0,0,0,0,0,0
355,742,-127.1346,104.6922,41.0495,96.6949,081261fd-1fa1-4685-b250-b301059f05e1,104.6922,10.4709,1,4,249,105,4,360,360,1043,0,0,0,0,0,0
356,396,-137.7758,104.6922,8.4054,28.1936,081261fd-1fa1-4685-b250-b301059f05e1,104.6922,10.4709,1,4,249,105,4,360,360,1115,0,0,0,0,0,0
357,713,-128.0459,104.6922,39.094,97.6696,081261fd-1fa1-4685-b250-b301059f05e1,104.6922,10.4709,1,4,249,105,4,360,360,1025,0,0,0,0,0,0
358,717,-129.6026,104.6922,37.9202,101.3457,081261fd-1fa1-4685-b250-b301059f05e1,104.6922,10.4709,1,4,249,105,4,360,360,1006,0,0,0,0,0,0
359,681,-128.3682,104.6922,38.1201,98.8087,081261fd-1fa1-4685-b250-b301059f05e1,104.6922,10.4709,1,4,249,105,4,360,360,1038,0,0,0,0,0,0
360,745,-128.1154,104.6922,39.6196,100.0856,081261fd-1fa1-4685-b250-b301059f05e1,104.6922,10.4709,1,4,249,105,4,360,360,1011,0,0,0,0,0,0
361,474,-153.8337,104.6922,11.0993,75.0532,081261fd-1fa1-4685-b250-b301059f05e1,104.6922,10.4709,1,4,249,105,4,360,360,1122,0,0,0,0,0,0
362,602,-131.0282,104.6922,29.7282,94.7773,081261fd-1fa1-4685-b250-b301059f05e1,104.6922,10.4709,1,4,249,105,4,360,360,1024,0,0,0,0,0,0
363,717,-126.8329,104.6922,38.3214,98.0179,081261fd-1fa1-4685-b250-b301059f05e1,104.6922,10.4709,1,4,249,105,4,360,360,1021,0,0,0,0,0,0
364,661,-127.4581,104.6922,36.3035,96.3772,081261fd-1fa1-4685-b250-b301059f05e1,104.6922,10.4709,1,4,249,105,4,360,360,1028,0,0,0,0,0,0
365,695,-126.9103,104.6922,40.1575,97.3902,081261fd-1fa1-4685-b250-b301059f05e1,104.6922,10.4709,1,4,249,105,4,360,360,1022,0,0,0,0,0,0
366,431,-129.463,104.6922,8.6021,18.6509,081261fd-1fa1-4685-b250-b301059f05e1,104.6922,10.4709,1,4,249,105,4,360,360,1129,0,0,0,0,0,0
367,657,-128.8469,104.6922,37.4966,95.9847,081261fd-1fa1-4685-b250-b301059f05e1,104.6922,10.4709,1,4,249,105,4,360,360,1003,0,0,0,0,0,0
368,677,-125.4468,104.6922,31.6873,95.5206,081261fd-1fa1-4685-b250-b301059f05e1,104.6922,10.4709,1,4,249,105,4,360,360,1031,0,0,0,0,0,0
369,636,-129.1186,104.6922,33.2602,94.2988,081261fd-1fa1-4685-b250-b301059f05e1,104.6922,10.4709,1,4,249,105,4,360,360,1032,0,0,0,0,0,0
370,696,-126.4959,104.6922,38.6394,98.0999,081261fd-1fa1-4685-b250-b301059f05e1,104.6922,10.4709,1,4,249,105,4,360,360,1011,0,0,0,0,0,0
371,457,-135.0678,104.6922,10.9536,48.9534,081261fd-1fa1-4685-b250-b301059f05e1,104.6922,10.4709,1,4,249,105,4,360,360,1109,0,0,0,0,0,0
372,671,-128.6779,104.6922,37.7114,97.3338,081261fd-1fa1-4685-b250-b301059f05e1,104.6922,10.4709,1,4,249,105,4,360,360,1031,0,0,0,0,0,0
373,706,-128.0526,104.6922,37.9636,97.6807,081261fd-1fa1-4685-b250-b301059f05e1,104.6922,10.4709,1,4,249,105,4,360,360,1013,0,0,0,0,0,0
374,700,-129.2239,104.6922,38.2519,96.0882,081261fd-1fa1-4685-b250-b301059f05e1,104.6922,10.4709,1,4,249,105,4,360,360,1022,0,0,0,0,0,0
375,738,-127.4599,104.6922,39.1031,98.114,081261fd-1fa1-4685-b250-b301059f05e1,104.6922,10.4709,1,4,249,105,4,360,360,1017,0,0,0,0,0,0
376,497,-127.7216,104.6922,10.6799,48.9867,081261fd-1fa1-4685-b250-b301059f05e1,104.6922,10.4709,1,4,249,105,4,360,360,1127,0,0,0,0,0,0
377,769,-122.4964,104.6922,43.1308,96.9941,081261fd-1fa1-4685-b250-b301059f05e1,104.6922,10.4709,1,4,249,105,4,360,360,994,0,0,0,0,0,0
378,679,-127.3444,104.6922,35.8024,98.4195,081261fd-1fa1-4685-b250-b301059f05e1,104.6922,10.4709,1,4,249,105,4,360,360,1028,0,0,0,0,0,0
379,707,-129.1863,104.6922,37.1097,97.1386,081261fd-1fa1-4685-b250-b301059f05e1,104.6922,10.4709,1,4,249,105,4,360,360,1014,0,0,0,0,0,0
380,718,-126.3396,104.6922,38.8202,99.1661,081261fd-1fa1-4685-b250-b301059f05e1,104.6922,10.4709,1,4,249,105,4,360,360,1003,0,0,0,0,0,0
381,372,-145.489,104.6922,9.6519,15.9344,081261fd-1fa1-4685-b250-b301059f05e1,104.6922,10.4709,1,4,249,105,4,360,360,1116,0,0,0,0,0,0
382,685,-127.5202,104.6922,35.0441,97.7865,081261fd-1fa1-4685-b250-b301059f05e1,104.6922,10.4709,1,4,249,105,4,360,360,1022,0,0,0,0,0,0
383,644,-129.189,104.6922,38.3573,99.7088,081261fd-1fa1-4685-b250-b301059f05e1,104.6922,10.4709,1,4,249,105,4,360,360,1020,0,0,0,0,0,0
384,778,-130.6553,104.6922,42.5587,97.5588,081261fd-1fa1-4685-b250-b301059f05e1,104.6922,10.4709,1,4,249,105,4,360,360,1007,0,0,0,0,0,0
385,672,-123.5024,104.6922,34.3137,93.9232,081261fd-1fa1-4685-b250-b301059f05e1,104.6922,10.4709,1,4,249,105,4,360,360,1032,0,0,0,0,0,0
386,482,-128.5917,104.6922,12.6164,59.7487,081261fd-1fa1-4685-b250-b301059f05e1,104.6922,10.4709,1,4,249,105,4,360,360,1126,0,0,0,0,0,0
387,623,-126.9949,106.132,36.9316,106.132,59b17f25-d015-410a-aab9-838421ea0744,106.132,3.7217,1,4,247,107,4,360,360,1015,0,0,0,0,0,0
388,721,-127.1215,106.132,35.0073,96.7701,59b17f25-d015-410a-aab9-838421ea0744,106.132,3.7217,1,4,247,107,4,360,360,1046,0,0,0,0,0,0
389,729,-129.9015,106.132,41.48,102.4866,59b17f25-d015-410a-aab9-838421ea0744,106.132,3.7217,1,4,247,107,4,360,360,1033,0,0,0,0,0,0
390,724,-126.0333,106.132,40.135,96.5534,59b17f25-d015-410a-aab9-838421ea0744,106.132,3.7217,1,4,247,107,4,360,360,1000,0,0,0,0,0,0
391,416,-131.2482,106.132,9.7644,7.1902,59b17f25-d015-410a-aab9-838421ea0744,106.132,3.7217,1,4,247,107,4,360,360,1116,0,0,0,0,0,0
392,754,-127.3509,106.132,46.3313,99.6801,59b17f25-d015-410a-aab9-838421ea0744,106.132,3.7217,1,4,247,107,4,360,360,1021,0,0,0,0,0,0
393,691,-128.8635,106.132,37.2556,96.8471,59b17f25-d015-410a-aab9-838421ea0744,106.132,3.7217,1,4,247,107,4,360,360,1024,0,0,0,0,0,0
394,695,-131.0041,106.132,39.7088,97.1362,59b17f25-d015-410a-aab9-838421ea0744,106.132,3.7217,1,4,247,107,4,360,360,1013,0,0,0,0,0,0
395,628,-129.7887,106.132,33.4004,98.8627,59b17f25-d015-410a-aab9-838421ea0744,106.132,3.7217,1,4,247,107,4,360,360,1022,0,0,0,0,0,0
396,415,-127.2465,106.132,9.5105,76.395,59b17f25-d015-410a-aab9-838421ea0744,106.132,3.7217,1,4,247,107,4,360,360,1115,0,0,0,0,0,0
397,702,-127.9781,106.132,37.5514,97.4531,59b17f25-d015-410a-aab9-838421ea0744,106.132,3.7217,1,4,247,107,4,360,360,1007,0,0,0,0,0,0
398,679,-128.9904,106.132,38.5548,99.057,59b17f25-d015-410a-aab9-838421ea0744,106.132,3.7217,1,4,247,107,4,360,360,998,0,0,0,0,0,0
399,655,-128.2718,106.132,32.9389,98.3646,59b17f25-d015-410a-aab9-838421ea0744,106.132,3.7217,1,4,247,107,4,360,360,1007,0,0,0,0,0,0
400,730,-126.4106,106.132,42.3133,99.7852,59b17f25-d015-410a-aab9-838421ea0744,106.132,3.7217,1,4,247,107,4,360,360,999,0,0,0,0,0,0
401,430,-134.2864,106.132,8.9461,47.9948,59b17f25-d015-410a-aab9-838421ea0744,106.132,3.7217,1,4,247,107,4,360,360,1105,0,0,0,0,0,0
402,620,-127.4009,106.132,35.2312,99.0926,59b17f25-d015-410a-aab9-838421ea0744,106.132,3.7217,1,4,247,107,4,360,360,1037,0,0,0,0,0,0
403,686,-157.4369,106.132,36.8438,98.429,59b17f25-d015-410a-aab9-838421ea0744,106.132,3.7217,1,4,247,107,4,360,360,1011,0,0,0,0,0,0
404,706,-121.7953,106.132,39.7825,101.0564,59b17f25-d015-410a-aab9-838421ea0744,106.132,3.7217,1,4,247,107,4,360,360,1002,0,0,0,0,0,0
405,755,-125.9526,106.132,42.4667,100.3056,59b17f25-d015-410a-aab9-838421ea0744,106.132,3.7217,1,4,247,107,4,360,360,1004,0,0,0,0,0,0
406,468,-131.7324,106.132,11.7778,54.2436,59b17f25-d015-410a-aab9-838421ea0744,106.132,3.7217,1,4,247,107,4,360,360,1084,0,0,0,0,0,0
407,691,-130.2066,106.132,39.9921,95.9366,59b17f25-d015-410a-aab9-838421ea0744,106.132,3.7217,1,4,247,107,4,360,360,1001,0,0,0,0,0,0
408,726,-127.406,108.1399,37.438,108.1399,a7b3e7fb-16b7-4478-b164-a8eb6a4c28a0,108.1399,7.0931,1,4,248,109,4,360,360,1007,0,0,0,0,0,0
409,629,-128.0838,108.1399,36.1189,99.072,a7b3e7fb-16b7-4478-b164-a8eb6a4c28a0,108.1399,7.0931,1,4,248,109,4,360,360,1016,0,0,0,0,0,0
410,708,-127.9468,108.1399,36.7479,99.474,a7b3e7fb-16b7-4478-b164-a8eb6a4c28a0,108.1399,7.0931,1,4,248,109,4,360,360,1001,0,0,0,0,0,0
411,398,-127.3913,108.1399,9.5432,6.3305,a7b3e7fb-16b7-4478-b164-a8eb6a4c28a0,108.1399,7.0931,1,4,248,109,4,360,360,1112,0,0,0,0,0,0
412,690,-126.8807,108.1399,38.0475,99.9858,a7b3e7fb-16b7-4478-b164-a8eb6a4c28a0,108.1399,7.0931,1,4,248,109,4,360,360,1012,0,0,0,0,0,0
413,627,-129.1306,108.1399,32.1755,101.1081,a7b3e7fb-16b7-4478-b164-a8eb6a4c28a0,108.1399,7.0931,1,4,248,109,4,360,360,1001,0,0,0,0,0,0
414,730,-126.1212,108.1399,39.7582,98.1524,a7b3e7fb-16b7-4478-b164-a8eb6a4c28a0,108.1399,7.0931,1,4,248,109,4,360,360,997,0,0,0,0,0,0
415,774,-130.254,108.1399,41.1388,98.0198,a7b3e7fb-16b7-4478-b164-a8eb6a4c28a0,108.1399,7.0931,1,4,248,109,4,360,360,1015,0,0,0,0,0,0
416,430,-125.3601,108.1399,10.6924,95.5837,a7b3e7fb-16b7-4478-b164-a8eb6a4c28a0,108.1399,7.0931,1,4,248,109,4,360,360,1109,0,0,0,0,0,0
417,660,-126.8683,108.1399,35.6001,100.6823,a7b3e7fb-16b7-4478-b164-a8eb6a4c28a0,108.1399,7.0931,1,4,248,109,4,360,360,1023,0,0,0,0,0,0
418,659,-126.5724,108.1399,32.2237,98.894,a7b3e7fb-16b7-4478-b164-a8eb6a4c28a0,108.1399,7.0931,1,4,248,109,4,360,360,1020,0,0,0,0,0,0
419,649,-129.6224,108.1399,35.1484,100.9841,a7b3e7fb-16b7-4478-b164-a8eb6a4c28a0,108.1399,7.0931,1,4,248,109,4,360,360,1036,0,0,0,0,0,0
420,701,-127.8519,108.1399,40.1521,100.6807,a7b3e7fb-16b7-4478-b164-a8eb6a4c28a0,108.1399,7.0931,1,4,248,109,4,360,360,985,0,0,0,0,0,0
421,427,-129.868,108.1399,11.6088,48.8779,a7b3e7fb-16b7-4478-b164-a8eb6a4c28a0,108.1399,7.0931,1,4,248,109,4,360,360,1110,0,0,0,0,0,0
422,664,-126.9247,108.1399,36.1469,98.7339,a7b3e7fb-16b7-4478-b164-a8eb6a4c28a0,108.1399,7.0931,1,4,248,109,4,360,360,1009,0,0,0,0,0,0
423,672,-125.8867,108.1399,40.1111,98.7589,a7b3e7fb-16b7-4478-b164-a8eb6a4c28a0,108.1399,7.0931,1,4,248,109,4,360,360,999,0,0,0,0,0,0
424,833,-125.9774,108.1399,47.3393,99.0383,a7b3e7fb-16b7-4478-b164-a8eb6a4c28a0,108.1399,7.0931,1,4,248,109,4,360,360,997,0,0,0,0,0,0
425,695,-127.2374,108.1399,37.3809,100.3768,a7b3e7fb-16b7-4478-b164-a8eb6a4c28a0,108.1399,7.0931,1,4,248,109,4,360,360,994,0,0,0,0,0,0
426,440,-128.797,108.1399,11.7034,51.2534,a7b3e7fb-16b7-4478-b164-a8eb6a4c28a0,108.1399,7.0931,1,4,248,109,4,360,360,1102,0,0,0,0,0,0
427,708,-128.3498,108.1399,38.9024,102.6443,a7b3e7fb-16b7-4478-b164-a8eb6a4c28a0,108.1399,7.0931,1,4,248,109,4,360,360,987,0,0,0,0,0,0
428,685,-126.6338,108.1399,34.2874,104.2007,a7b3e7fb-16b7-4478-b164-a8eb6a4c28a0,108.1399,7.0931,1,4,248,109,4,360,360,1002,0,0,0,0,0,0
429,689,-128.0607,108.1399,40.173,100.1762,a7b3e7fb-16b7-4478-b164-a8eb6a4c28a0,108.1399,7.0931,1,4,248,109,4,360,360,1011,0,0,0,0,0,0
430,653,-127.5292,108.1399,38.3854,101.3286,a7b3e7fb-16b7-4478-b164-a8eb6a4c28a0,108.1399,7.0931,1,4,248,109,4,360,360,987,0,0,0,0,0,0
431,424,-128.7934,108.1399,10.5975,4.1725,a7b3e7fb-16b7-4478-b164-a8eb6a4c28a0,108.1399,7.0931,1,4,248,109,4,360,360,1106,0,0,0,0,0,0
432,694,-131.3238,108.1399,45.3488,100.7436,a7b3e7fb-16b7-4478-b164-a8eb6a4c28a0,108.1399,7.0931,1,4,248,109,4,360,360,997,0,0,0,0,0,0
433,644,-130.3513,108.1399,38.2265,98.4495,a7b3e7fb-16b7-4478-b164-a8eb6a4c28a0,108.1399,7.0931,1,4,248,109,4,360,360,1004,0,0,0,0,0,0
434,662,-123.4276,108.1399,40.2496,101.6362,a7b3e7fb-16b7-4478-b164-a8eb6a4c28a0,108.1399,7.0931,1,4,248,109,4,360,360,972,0,0,0,0,0,0
435,707,-127.8747,108.1399,41.8682,101.8648,a7b3e7fb-16b7-4478-b164-a8eb6a4c28a0,108.1399,7.0931,1,4,248,109,4,360,360,995,0,0,0,0,0,0
436,434,-127.5687,108.1399,13.192,54.1787,a7b3e7fb-16b7-4478-b164-a8eb6a4c28a0,108.1399,7.0931,1,4,248,109,4,360,360,1096,0,0,0,0,0,0
437,636,-127.0131,108.1399,36.4525,96.1584,a7b3e7fb-16b7-4478-b164-a8eb6a4c28a0,108.1399,7.0931,1,4,248,109,4,360,360,994,0,0,0,0,0,0
438,640,-127.1543,108.9665,36.5143,108.9665,b16635e7-6b48-4a22-aab7-d80585e26978,108.9665,4.4521,1,4,250,107,4,360,360,990,0,0,0,0,0,0
439,649,-127.6544,108.9665,43.4661,99.7624,b16635e7-6b48-4a22-aab7-d80585e26978,108.9665,4.4521,1,4,250,107,4,360,360,998,0,0,0,0,0,0
440,649,-124.806,108.9665,39.2627,103.603,b16635e7-6b48-4a22-aab7-d80585e26978,108.9665,4.4521,1,4,250,107,4,360,360,990,0,0,0,0,0,0
441,440,-125.5247,108.9665,13.2445,85.3626,b16635e7-6b48-4a22-aab7-d80585e26978,108.9665,4.4521,1,4,250,107,4,360,360,1082,0,0,0,0,0,0
442,584,-134.3021,108.9665,35.6866,101.9851,b16635e7-6b48-4a22-aab7-d80585e26978,108.9665,4.4521,1,4,250,107,4,360,360,986,0,0,0,0,0,0
443,577,-134.5646,108.9665,34.007,99.989,b16635e7-6b48-4a22-aab7-d80585e26978,108.9665,4.4521,1,4,250,107,4,360,360,1003,0,0,0,0,0,0
444,632,-150.6602,108.9665,37.4794,99.4406,b16635e7-6b48-4a22-aab7-d80585e26978,108.9665,4.4521,1,4,250,107,4,360,360,1007,0,0,0,0,0,0
445,669,-127.4178,108.9665,36.7966,101.4409,b16635e7-6b48-4a22-aab7-d80585e26978,108.9665,4.4521,1,4,250,107,4,360,360,1002,0,0,0,0,0,0
446,390,-128.6342,108.9665,10.808,34.3548,b16635e7-6b48-4a22-aab7-d80585e26978,108.9665,4.4521,1,4,250,107,4,360,360,1096,0,0,0,0,0,0
447,656,-130.7958,108.9665,41.6713,101.2549,b16635e7-6b48-4a22-aab7-d80585e26978,108.9665,4.4521,1,4,250,107,4,360,360,1004,0,0,0,0,0,0
448,727,-126.6606,108.9665,49.0097,106.7682,b16635e7-6b48-4a22-aab7-d80585e26978,108.9665,4.4521,1,4,250,107,4,360,360,968,0,0,0,0,0,0
449,589,-128.9061,108.9665,36.2387,103.7055,b16635e7-6b48-4a22-aab7-d80585e26978,108.9665,4.4521,1,4,250,107,4,360,360,985,0,0,0,0,0,0
450,647,-123.4794,108.9665,39.6359,105.783,b16635e7-6b48-4a22-aab7-d80585e26978,108.9665,4.4521,1,4,250,107,4,360,360,970,0,0,0,0,0,0
451,386,-128.0009,108.9665,11.9958,25.8913,b16635e7-6b48-4a22-aab7-d80585e26978,108.9665,4.4521,1,4,250,107,4,360,360,1088,0,0,0,0,0,0
452,659,-142.9047,108.9665,42.8527,103.5398,b16635e7-6b48-4a22-aab7-d80585e26978,108.9665,4.4521,1,4,250,107,4,360,360,972,0,0,0,0,0,0
453,555,-129.5721,108.9665,30.8504,105.8359,b16635e7-6b48-4a22-aab7-d80585e26978,108.9665,4.4521,1,4,250,107,4,360,360,972,0,0,0,0,0,0
454,656,-126.9829,108.9665,39.462,103.3647,b16635e7-6b48-4a22-aab7-d80585e26978,108.9665,4.4521,1,4,250,107,4,360,360,982,0,0,0,0,0,0
455,598,-126.922,108.9665,37.7007,102.2231,b16635e7-6b48-4a22-aab7-d80585e26978,108.9665,4.4521,1,4,250,107,4,360,360,972,0,0,0,0,0,0
456,447,-128.0653,108.9665,13.5674,13.244,b16635e7-6b48-4a22-aab7-d80585e26978,108.9665,4.4521,1,4,250,107,4,360,360,1077,0,0,0,0,0,0
457,631,-126.7992,108.9665,38.5224,105.013,b16635e7-6b48-4a22-aab7-d80585e26978,108.9665,4.4521,1,4,250,107,4,360,360,942,0,0,0,0,0,0
458,586,-131.123,108.9665,34.8678,104.3121,b16635e7-6b48-4a22-aab7-d80585e26978,108.9665,4.4521,1,4,250,107,4,360,360,974,0,0,0,0,0,0
459,651,-130.3886,108.9665,39.6756,100.5146,b16635e7-6b48-4a22-aab7-d80585e26978,108.9665,4.4521,1,4,250,107,4,360,360,979,0,0,0,0,0,0
460,600,-128.5033,108.9665,34.7741,105.8473,b16635e7-6b48-4a22-aab7-d80585e26978,108.9665,4.4521,1,4,250,107,4,360,360,974,0,0,0,0,0,0
461,451,-128.727,108.9665,13.7941,79.4924,b16635e7-6b48-4a22-aab7-d80585e26978,108.9665,4.4521,1,4,250,107,4,360,360,1059,0,0,0,0,0,0
462,634,-129.4984,108.9665,40.8415,106.9995,b16635e7-6b48-4a22-aab7-d80585e26978,108.9665,4.4521,1,4,250,107,4,360,360,966,0,0,0,0,0,0
463,644,-129.2393,108.9665,40.0347,105.1979,b16635e7-6b48-4a22-aab7-d80585e26978,108.9665,4.4521,1,4,250,107,4,360,360,962,0,0,0,0,0,0
464,643,-129.5802,109.4313,42.8496,109.4313,9bf3410a-233f-45ef-9b3b-2d325d4ca3e4,109.4313,3.3255,1,4,249,104,4,360,360,964,0,0,0,0,0,0
465,678,-133.0143,109.4313,41.0105,102.4992,9bf3410a-233f-45ef-9b3b-2d325d4ca3e4,109.4313,3.3255,1,4,249,104,4,360,360,944,0,0,0,0,0,0
466,448,-133.1494,109.4313,13.9223,40.257,9bf3410a-233f-45ef-9b3b-2d325d4ca3e4,109.4313,3.3255,1,4,249,104,4,360,360,1067,0,0,0,0,0,0
467,578,-129.7379,109.4313,34.9833,104.6589,9bf3410a-233f-45ef-9b3b-2d325d4ca3e4,109.4313,3.3255,1,4,249,104,4,360,360,982,0,0,0,0,0,0
468,657,-131.0446,109.4313,41.3414,104.8695,9bf3410a-233f-45ef-9b3b-2d325d4ca3e4,109.4313,3.3255,1,4,249,104,4,360,360,964,0,0,0,0,0,0
469,687,-129.3004,109.4313,46.5917,106.3036,9bf3410a-233f-45ef-9b3b-2d325d4ca3e4,109.4313,3.3255,1,4,249,104,4,360,360,979,0,0,0,0,0,0
470,587,-130.1078,109.4313,33.0524,105.7029,9bf3410a-233f-45ef-9b3b-2d325d4ca3e4,109.4313,3.3255,1,4,249,104,4,360,360,981,0,0,0,0,0,0
471,389,-143.9727,109.4313,10.7892,70.0776,9bf3410a-233f-45ef-9b3b-2d325d4ca3e4,109.4313,3.3255,1,4,249,104,4,360,360,1068,0,0,0,0,0,0
472,575,-127.0249,109.4313,37.7129,102.5327,9bf3410a-233f-45ef-9b3b-2d325d4ca3e4,109.4313,3.3255,1,4,249,104,4,360,360,957,0,0,0,0,0,0
473,585,-134.0839,109.4313,38.1046,102.1449,9bf3410a-233f-45ef-9b3b-2d325d4ca3e4,109.4313,3.3255,1,4,249,104,4,360,360,921,0,0,0,0,0,0
474,661,-122.1486,109.4313,43.979,103.4332,9bf3410a-233f-45ef-9b3b-2d325d4ca3e4,109.4313,3.3255,1,4,249,104,4,360,360,928,0,0,0,0,0,0
475,640,-126.6808,109.4313,40.2905,102.6279,9bf3410a-233f-45ef-9b3b-2d325d4ca3e4,109.4313,3.3255,1,4,249,104,4,360,360,939,0,0,0,0,0,0
476,393,-127.6639,109.4313,12.7304,18.2196,9bf3410a-233f-45ef-9b3b-2d325d4ca3e4,109.4313,3.3255,1,4,249,104,4,360,360,1055,0,0,0,0,0,0
477,543,-130.8591,109.4313,34.0145,102.4835,9bf3410a-233f-45ef-9b3b-2d325d4ca3e4,109.4313,3.3255,1,4,249,104,4,360,360,954,0,0,0,0,0,0
478,652,-124.1161,109.4313,44.6396,106.7646,9bf3410a-233f-45ef-9b3b-2d325d4ca3e4,109.4313,3.3255,1,4,249,104,4,360,360,955,0,0,0,0,0,0
479,661,-129.0095,109.4313,42.002,105.0136,9bf3410a-233f-45ef-9b3b-2d325d4ca3e4,109.4313,3.3255,1,4,249,104,4,360,360,970,0,0,0,0,0,0
480,605,-130.0257,109.4313,35.4806,102.501,9bf3410a-233f-45ef-9b3b-2d325d4ca3e4,109.4313,3.3255,1,4,249,104,4,360,360,965,0,0,0,0,0,0
481,322,-125.0858,109.4313,9.7446,47.9535,9bf3410a-233f-45ef-9b3b-2d325d4ca3e4,109.4313,3.3255,1,4,249,104,4,360,360,1034,0,0,0,0,0,0
482,656,-130.7314,109.4313,40.6521,106.0779,9bf3410a-233f-45ef-9b3b-2d325d4ca3e4,109.4313,3.3255,1,4,249,104,4,360,360,970,0,0,0,0,0,0
483,604,-129.0226,109.4313,38.7356,108.4273,9bf3410a-233f-45ef-9b3b-2d325d4ca3e4,109.4313,3.3255,1,4,249,104,4,360,360,970,0,0,0,0,0,0
484,612,-129.3868,109.4313,39.1885,108.3537,9bf3410a-233f-45ef-9b3b-2d325d4ca3e4,109.4313,3.3255,1,4,249,104,4,360,360,969,0,0,0,0,0,0
485,625,-119.8149,109.4313,41.7192,105.6432,9bf3410a-233f-45ef-9b3b-2d325d4ca3e4,109.4313,3.3255,1,4,249,104,4,360,360,959,0,0,0,0,0,0
486,386,-130.4165,109.4313,12.2481,14.9695,9bf3410a-233f-45ef-9b3b-2d325d4ca3e4,109.4313,3.3255,1,4,249,104,4,360,360,1092,0,0,0,0,0,0
487,603,-130.0001,109.4313,37.5319,103.9082,9bf3410a-233f-45ef-9b3b-2d325d4ca3e4,109.4313,3.3255,1,4,249,104,4,360,360,981,0,0,0,0,0,0
488,637,-126.2801,109.4313,44.8688,107.5228,9bf3410a-233f-45ef-9b3b-2d325d4ca3e4,109.4313,3.3255,1,4,249,104,4,360,360,964,0,0,0,0,0,0
489,626,-129.4324,109.4313,43.1254,101.2787,9bf3410a-233f-45ef-9b3b-2d325d4ca3e4,109.4313,3.3255,1,4,249,104,4,360,360,981,0,0,0,0,0,0
490,629,-127.4204,109.4313,42.036,107.3552,9bf3410a-233f-45ef-9b3b-2d325d4ca3e4,109.4313,3.3255,1,4,249,104,4,360,360,978,0,0,0,0,0,0
491,359,-143.2758,109.4313,10.2039,26.4791,9bf3410a-233f-45ef-9b3b-2d325d4ca3e4,109.4313,3.3255,1,4,249,104,4,360,360,1097,0,0,0,0,0,0
492,555,-128.441,109.4313,39.9624,104.2568,9bf3410a-233f-45ef-9b3b-2d325d4ca3e4,109.4313,3.3255,1,4,249,104,4,360,360,977,0,0,0,0,0,0
493,648,-129.3599,110.0467,46.9959,110.0467,c2e9bc7b-57a2-4143-a39a-b31bf036574e,110.0467,9.0375,1,4,248,109,4,360,360,983,0,0,0,0,0,0
494,567,-129.7794,110.0467,41.7778,106.4794,c2e9bc7b-57a2-4143-a39a-b31bf036574e,110.0467,9.0375,1,4,248,109,4,360,360,972,0,0,0,0,0,0
495,604,-130.3466,115.5101,41.1273,115.5101,c89c50de-daa8-41aa-8ee1-1d598157c15f,115.5101,7.0306,1,4,248,110,4,360,360,985,0,0,0,0,0,0
496,413,-138.5634,115.5101,12.8614,12.9021,c89c50de-daa8-41aa-8ee1-1d598157c15f,115.5101,7.0306,1,4,248,110,4,360,360,1075,0,0,0,0,0,0
497,561,-124.0212,115.5101,41.4021,107.1159,c89c50de-daa8-41aa-8ee1-1d598157c15f,115.5101,7.0306,1,4,248,110,4,360,360,991,0,0,0,0,0,0
498,633,-129.9502,115.5101,46.3826,108.4871,c89c50de-daa8-41aa-8ee1-1d598157c15f,115.5101,7.0306,1,4,248,110,4,360,360,973,0,0,0,0,0,0
499,544,-130.2883,115.5101,39.9455,109.5759,c89c50de-daa8-41aa-8ee1-1d598157c15f,115.5101,7.0306,1,4,248,110,4,360,360,984,0,0,0,0,0,0
