gen,gen-time,fit-min,fit-max,fit-avg,gen-max,champ-id,champ-mean,champ-std,champ-act-inst
0,332,-207.9823,-33.3309,-114.7836,-33.3309,9f34dbf5-7b48-4dcc-ac5b-1931f88325f6,-33.3309,3.5701,5
1,166,-184.2758,-27.7627,-102.8922,-27.7627,46b07c38-a4f4-43ff-9dd6-af1166c6f2d9,-27.7627,9.203,5
2,214,-160.4736,-17.0334,-93.7065,-17.0334,4e226adb-d51c-472e-a8cc-3c647dfbb3a8,-17.0334,1.7886,4
3,315,-126.3915,-17.0334,-83.4375,-20.1351,4e226adb-d51c-472e-a8cc-3c647dfbb3a8,-17.0334,1.7886,4
4,443,-123.8676,-6.7689,-72.873,-6.7689,a85d1739-ed36-4d9b-ae75-4d24ebf0e94a,-6.7689,0.5077,8
5,531,-136.7376,-6.7689,-57.7018,-16.3427,a85d1739-ed36-4d9b-ae75-4d24ebf0e94a,-6.7689,0.5077,8
6,594,-114.0311,-6.7689,-41.5711,-15.3448,a85d1739-ed36-4d9b-ae75-4d24ebf0e94a,-6.7689,0.5077,8
7,598,-117.967,-6.7689,-38.6621,-15.392,a85d1739-ed36-4d9b-ae75-4d24ebf0e94a,-6.7689,0.5077,8
8,603,-119.0164,-6.3521,-34.8739,-6.3521,7cde1373-e3bc-4fe0-afe8-77970605c73d,-6.3521,0.0864,9
9,589,-117.5007,-5.6848,-29.4442,-5.6848,855deaaf-af6d-4b0a-ae4f-5701d20f3688,-5.6848,2.7955,7
10,591,-121.4882,-3.0969,-26.7484,-3.0969,d30bc811-c209-4450-8378-3414752de7db,-3.0969,2.6435,7
11,412,-128.6346,-3.0017,-37.5043,-3.0017,58b7bdc1-ddfd-40b1-8721-d17a0a460101,-3.0017,0.1014,10
12,571,-129.9388,-2.0829,-25.3014,-2.0829,bf7a2f59-12c3-488e-a91c-5df51c52c28f,-2.0829,1.3546,7
13,607,-115.5073,-0.5195,-19.2194,-0.5195,c08da42f-b565-4c3d-b480-d6ebca13ca7c,-0.5195,1.5165,10
14,544,-117.9264,0.6911,-20.0696,0.6911,3c4d5a05-c3e6-49a5-9e22-70965793ceba,0.6911,0.5996,10
15,588,-121.4768,0.8776,-14.9104,0.8776,7e0c259d-5509-485c-92e1-1423337078b6,0.8776,0.2062,10
16,322,-123.359,0.8776,-33.552,-0.1141,7e0c259d-5509-485c-92e1-1423337078b6,0.8776,0.2062,10
17,530,-121.2896,0.8776,-14.6683,0.6811,7e0c259d-5509-485c-92e1-1423337078b6,0.8776,0.2062,10
18,563,-117.7142,1.1233,-11.1487,1.1233,c023a4c9-d2fe-4237-b465-20aa753043e7,1.1233,0.1482,10
19,549,-122.2174,1.3271,-11.2168,1.3271,1376d356-1a42-4e36-937e-04f0949d69d3,1.3271,3.1713,8
20,531,-118.7983,1.3271,-11.8778,1.192,1376d356-1a42-4e36-937e-04f0949d69d3,1.3271,3.1713,8
21,348,-125.3126,1.3271,-30.5561,1.0792,1376d356-1a42-4e36-937e-04f0949d69d3,1.3271,3.1713,8
22,540,-118.7919,1.3271,-11.3241,1.1611,1376d356-1a42-4e36-937e-04f0949d69d3,1.3271,3.1713,8
23,549,-121.4936,1.4475,-10.4883,1.4475,841881ee-8b0d-4cca-8cac-fc635cc69d6b,1.4475,1.0722,10
24,586,-122.3727,3.7212,-6.2631,3.7212,8fc6041a-5816-4896-8743-608fb3c43fe3,3.7212,1.0299,8
25,575,-120.9771,3.7212,-6.7957,2.5629,8fc6041a-5816-4896-8743-608fb3c43fe3,3.7212,1.0299,8
26,423,-123.2771,3.7212,-25.4132,1.2261,8fc6041a-5816-4896-8743-608fb3c43fe3,3.7212,1.0299,8
27,558,-119.6954,3.7212,-8.6094,3.4309,8fc6041a-5816-4896-8743-608fb3c43fe3,3.7212,1.0299,8
28,547,-120.8256,3.7212,-8.1176,2.5903,8fc6041a-5816-4896-8743-608fb3c43fe3,3.7212,1.0299,8
29,547,-118.8208,3.7212,-8.2477,3.5703,8fc6041a-5816-4896-8743-608fb3c43fe3,3.7212,1.0299,8
30,542,-120.9154,3.7571,-7.6974,3.7571,643b5498-8ef2-4c30-9afe-f1db5812252c,3.7571,0.6118,12
31,366,-127.7001,3.7571,-28.8025,3.1442,643b5498-8ef2-4c30-9afe-f1db5812252c,3.7571,0.6118,12
32,545,-122.5719,3.7571,-8.4382,3.7066,643b5498-8ef2-4c30-9afe-f1db5812252c,3.7571,0.6118,12
33,538,-122.1765,4.1165,-9.2516,4.1165,4dde705c-ed3b-4f50-a71c-b9022bb02f55,4.1165,0.5996,12
34,534,-119.5448,4.1165,-9.1187,3.9098,4dde705c-ed3b-4f50-a71c-b9022bb02f55,4.1165,0.5996,12
35,556,-121.675,4.1165,-5.1898,3.9948,4dde705c-ed3b-4f50-a71c-b9022bb02f55,4.1165,0.5996,12
36,345,-122.2144,4.8704,-29.1577,4.8704,9b1d8937-10b8-4d3d-9f52-e76efe5e4207,4.8704,0.1431,12
37,539,-123.391,5.0253,-7.0999,5.0253,5a04c7d0-4f06-46f8-9b5e-1daa3a9de7c0,5.0253,0.4782,12
38,548,-118.9797,5.0253,-7.2614,4.8259,5a04c7d0-4f06-46f8-9b5e-1daa3a9de7c0,5.0253,0.4782,12
39,575,-120.6886,5.0253,-4.8796,4.9725,5a04c7d0-4f06-46f8-9b5e-1daa3a9de7c0,5.0253,0.4782,12
40,535,-121.1764,5.043,-7.9596,5.043,af676ca1-23f7-4db3-be4e-89d821ce008a,5.043,0.2278,12
41,343,-134.705,5.1019,-29.5425,5.1019,af5b30b1-3cdf-4281-90d4-8e41708924cf,5.1019,0.4179,12
42,563,-121.4572,5.1019,-6.274,4.9131,af5b30b1-3cdf-4281-90d4-8e41708924cf,5.1019,0.4179,12
43,551,-122.3483,5.1245,-7.0218,5.1245,0f37a4f3-6556-42b5-ac71-9e5bd1744091,5.1245,0.3196,13
44,558,-118.2615,12.4401,-5.898,12.4401,12aa0bfe-f75e-4fc9-8cc1-0914ca3a7435,12.4401,3.9821,11
45,555,-124.5401,12.4401,-7.433,5.0718,12aa0bfe-f75e-4fc9-8cc1-0914ca3a7435,12.4401,3.9821,11
46,368,-123.3055,12.4401,-28.6392,5.0584,12aa0bfe-f75e-4fc9-8cc1-0914ca3a7435,12.4401,3.9821,11
47,569,-123.8559,12.4401,-2.3658,5.3851,12aa0bfe-f75e-4fc9-8cc1-0914ca3a7435,12.4401,3.9821,11
48,551,-120.5748,12.4401,-5.232,7.0622,12aa0bfe-f75e-4fc9-8cc1-0914ca3a7435,12.4401,3.9821,11
49,571,-159.0249,12.4401,-5.0739,11.9259,12aa0bfe-f75e-4fc9-8cc1-0914ca3a7435,12.4401,3.9821,11
50,558,-128.546,12.4401,-5.2657,6.4271,12aa0bfe-f75e-4fc9-8cc1-0914ca3a7435,12.4401,3.9821,11
51,358,-131.6072,18.4049,-26.8755,18.4049,01f88e32-bf82-4c26-8892-6a05030122bc,18.4049,3.248,12
52,521,-120.5844,18.4049,-7.368,14.3926,01f88e32-bf82-4c26-8892-6a05030122bc,18.4049,3.248,12
53,571,-118.3692,18.4049,-2.264,13.5345,01f88e32-bf82-4c26-8892-6a05030122bc,18.4049,3.248,12
54,537,-118.4711,18.4049,-4.2048,16.1484,01f88e32-bf82-4c26-8892-6a05030122bc,18.4049,3.248,12
55,571,-121.7789,18.4049,-3.3212,17.8356,01f88e32-bf82-4c26-8892-6a05030122bc,18.4049,3.248,12
56,372,-127.0232,18.4049,-24.2143,14.0924,01f88e32-bf82-4c26-8892-6a05030122bc,18.4049,3.248,12
57,585,-116.9571,18.4049,2.3829,17.0023,01f88e32-bf82-4c26-8892-6a05030122bc,18.4049,3.248,12
58,550,-119.0278,18.4049,0.1507,18.1089,01f88e32-bf82-4c26-8892-6a05030122bc,18.4049,3.248,12
59,534,-125.2523,18.4049,0.8332,18.2409,01f88e32-bf82-4c26-8892-6a05030122bc,18.4049,3.248,12
60,551,-139.3888,18.9188,1.8922,18.9188,065d1f93-5e71-4e12-8cf6-58da0a426c9b,18.9188,1.3959,9
61,396,-121.3741,18.9188,-15.6497,16.9608,065d1f93-5e71-4e12-8cf6-58da0a426c9b,18.9188,1.3959,9
62,596,-123.0718,18.9188,6.625,17.5426,065d1f93-5e71-4e12-8cf6-58da0a426c9b,18.9188,1.3959,9
63,574,-140.3641,19.63,2.2123,19.63,8c80c254-319f-476a-bb1d-a8049cef7e75,19.63,2.1917,9
64,604,-130.627,19.63,7.3203,19.2599,8c80c254-319f-476a-bb1d-a8049cef7e75,19.63,2.1917,9
65,602,-119.0418,19.63,7.4674,18.5235,8c80c254-319f-476a-bb1d-a8049cef7e75,19.63,2.1917,9
66,410,-123.3233,19.63,-13.9974,17.4516,8c80c254-319f-476a-bb1d-a8049cef7e75,19.63,2.1917,9
67,578,-122.7151,19.63,5.6275,18.6599,8c80c254-319f-476a-bb1d-a8049cef7e75,19.63,2.1917,9
68,584,-123.6428,19.63,5.6186,17.9309,8c80c254-319f-476a-bb1d-a8049cef7e75,19.63,2.1917,9
69,552,-165.4669,19.63,3.0602,18.6055,8c80c254-319f-476a-bb1d-a8049cef7e75,19.63,2.1917,9
70,556,-126.7668,19.63,5.3133,17.8592,8c80c254-319f-476a-bb1d-a8049cef7e75,19.63,2.1917,9
71,373,-144.6111,19.63,-16.4698,16.7589,8c80c254-319f-476a-bb1d-a8049cef7e75,19.63,2.1917,9
72,581,-117.5268,19.63,6.9054,17.7193,8c80c254-319f-476a-bb1d-a8049cef7e75,19.63,2.1917,9
73,605,-158.8522,19.63,8.4792,17.6843,8c80c254-319f-476a-bb1d-a8049cef7e75,19.63,2.1917,9
74,595,-157.5424,19.63,7.9669,17.8094,8c80c254-319f-476a-bb1d-a8049cef7e75,19.63,2.1917,9
75,592,-117.3538,19.63,8.4257,18.8557,8c80c254-319f-476a-bb1d-a8049cef7e75,19.63,2.1917,9
76,375,-146.3319,19.63,-15.5764,17.4042,8c80c254-319f-476a-bb1d-a8049cef7e75,19.63,2.1917,9
77,584,-157.6821,19.63,6.6373,18.2232,8c80c254-319f-476a-bb1d-a8049cef7e75,19.63,2.1917,9
78,552,-150.7047,19.63,3.4026,17.9751,8c80c254-319f-476a-bb1d-a8049cef7e75,19.63,2.1917,9
79,585,-115.0883,19.63,6.2419,17.0878,8c80c254-319f-476a-bb1d-a8049cef7e75,19.63,2.1917,9
80,576,-122.0599,19.63,6.7762,19.4564,8c80c254-319f-476a-bb1d-a8049cef7e75,19.63,2.1917,9
81,407,-125.4982,19.63,-12.1038,18.0296,8c80c254-319f-476a-bb1d-a8049cef7e75,19.63,2.1917,9
82,585,-125.6943,19.63,7.8581,18.9263,8c80c254-319f-476a-bb1d-a8049cef7e75,19.63,2.1917,9
83,561,-121.1069,19.63,3.5815,19.2354,8c80c254-319f-476a-bb1d-a8049cef7e75,19.63,2.1917,9
84,567,-126.5951,19.63,6.5704,17.6031,8c80c254-319f-476a-bb1d-a8049cef7e75,19.63,2.1917,9
85,581,-117.2168,19.63,7.3573,17.5094,8c80c254-319f-476a-bb1d-a8049cef7e75,19.63,2.1917,9
86,411,-119.7202,19.63,-12.8495,17.413,8c80c254-319f-476a-bb1d-a8049cef7e75,19.63,2.1917,9
87,589,-119.1346,19.63,7.5114,17.7328,8c80c254-319f-476a-bb1d-a8049cef7e75,19.63,2.1917,9
88,604,-125.6798,19.63,7.0204,18.1285,8c80c254-319f-476a-bb1d-a8049cef7e75,19.63,2.1917,9
89,545,-121.5842,20.5667,3.9086,20.5667,3b79f22e-46ab-4ee3-a2df-e5b8cc53f4f9,20.5667,4.4501,9
90,584,-143.671,20.5667,5.2741,18.2175,3b79f22e-46ab-4ee3-a2df-e5b8cc53f4f9,20.5667,4.4501,9
91,400,-123.5915,20.5667,-14.2075,17.8833,3b79f22e-46ab-4ee3-a2df-e5b8cc53f4f9,20.5667,4.4501,9
92,578,-141.0587,20.5667,6.8461,17.2927,3b79f22e-46ab-4ee3-a2df-e5b8cc53f4f9,20.5667,4.4501,9
93,570,-138.571,20.5667,5.1679,18.0881,3b79f22e-46ab-4ee3-a2df-e5b8cc53f4f9,20.5667,4.4501,9
94,561,-123.0185,20.5667,6.1232,17.8766,3b79f22e-46ab-4ee3-a2df-e5b8cc53f4f9,20.5667,4.4501,9
95,576,-117.9188,20.5667,7.451,18.3596,3b79f22e-46ab-4ee3-a2df-e5b8cc53f4f9,20.5667,4.4501,9
96,348,-155.5661,20.5667,-20.3943,17.0364,3b79f22e-46ab-4ee3-a2df-e5b8cc53f4f9,20.5667,4.4501,9
97,563,-137.2519,20.5667,4.1558,17.4342,3b79f22e-46ab-4ee3-a2df-e5b8cc53f4f9,20.5667,4.4501,9
98,585,-122.4027,20.5667,8.0968,17.6557,3b79f22e-46ab-4ee3-a2df-e5b8cc53f4f9,20.5667,4.4501,9
99,573,-135.0664,20.5667,4.9935,18.4101,3b79f22e-46ab-4ee3-a2df-e5b8cc53f4f9,20.5667,4.4501,9
100,571,-116.6342,20.5667,6.6008,18.0388,3b79f22e-46ab-4ee3-a2df-e5b8cc53f4f9,20.5667,4.4501,9
101,415,-150.1649,20.5667,-13.8656,16.8163,3b79f22e-46ab-4ee3-a2df-e5b8cc53f4f9,20.5667,4.4501,9
102,582,-120.2633,20.5667,7.4585,17.1055,3b79f22e-46ab-4ee3-a2df-e5b8cc53f4f9,20.5667,4.4501,9
103,578,-142.7845,20.5667,8.1565,19.3638,3b79f22e-46ab-4ee3-a2df-e5b8cc53f4f9,20.5667,4.4501,9
104,567,-123.723,20.5667,6.1237,18.4357,3b79f22e-46ab-4ee3-a2df-e5b8cc53f4f9,20.5667,4.4501,9
105,592,-118.2088,20.5667,9.173,18.0627,3b79f22e-46ab-4ee3-a2df-e5b8cc53f4f9,20.5667,4.4501,9
106,379,-123.2476,20.5667,-18.9581,16.6756,3b79f22e-46ab-4ee3-a2df-e5b8cc53f4f9,20.5667,4.4501,9
107,592,-118.2566,20.5667,8.3967,17.6746,3b79f22e-46ab-4ee3-a2df-e5b8cc53f4f9,20.5667,4.4501,9
108,557,-117.9921,20.5667,3.961,17.5207,3b79f22e-46ab-4ee3-a2df-e5b8cc53f4f9,20.5667,4.4501,9
109,605,-118.2711,20.5667,7.444,17.3768,3b79f22e-46ab-4ee3-a2df-e5b8cc53f4f9,20.5667,4.4501,9
110,572,-151.3738,20.5667,6.5192,18.7454,3b79f22e-46ab-4ee3-a2df-e5b8cc53f4f9,20.5667,4.4501,9
111,394,-157.6397,20.5667,-14.974,16.3599,3b79f22e-46ab-4ee3-a2df-e5b8cc53f4f9,20.5667,4.4501,9
112,583,-121.5876,20.5667,7.9606,18.3764,3b79f22e-46ab-4ee3-a2df-e5b8cc53f4f9,20.5667,4.4501,9
113,582,-121.1683,20.5667,7.2001,19.6075,3b79f22e-46ab-4ee3-a2df-e5b8cc53f4f9,20.5667,4.4501,9
114,591,-118.3657,20.5667,7.9486,17.7882,3b79f22e-46ab-4ee3-a2df-e5b8cc53f4f9,20.5667,4.4501,9
115,560,-118.9108,20.5667,6.5685,18.9315,3b79f22e-46ab-4ee3-a2df-e5b8cc53f4f9,20.5667,4.4501,9
116,402,-157.6319,20.5667,-14.2438,17.2927,3b79f22e-46ab-4ee3-a2df-e5b8cc53f4f9,20.5667,4.4501,9
117,613,-117.2397,20.5667,8.2813,17.2897,3b79f22e-46ab-4ee3-a2df-e5b8cc53f4f9,20.5667,4.4501,9
118,587,-117.3692,20.5667,8.5637,18.2333,3b79f22e-46ab-4ee3-a2df-e5b8cc53f4f9,20.5667,4.4501,9
119,606,-120.0576,20.5667,9.5633,19.8874,3b79f22e-46ab-4ee3-a2df-e5b8cc53f4f9,20.5667,4.4501,9
120,600,-118.0023,20.5667,7.8575,18.5694,3b79f22e-46ab-4ee3-a2df-e5b8cc53f4f9,20.5667,4.4501,9
121,395,-124.2055,20.5667,-15.6088,17.6802,3b79f22e-46ab-4ee3-a2df-e5b8cc53f4f9,20.5667,4.4501,9
122,558,-121.7751,20.5667,5.2241,17.0955,3b79f22e-46ab-4ee3-a2df-e5b8cc53f4f9,20.5667,4.4501,9
123,571,-122.0419,20.5667,6.5904,18.929,3b79f22e-46ab-4ee3-a2df-e5b8cc53f4f9,20.5667,4.4501,9
124,544,-119.9848,20.5667,4.404,17.1837,3b79f22e-46ab-4ee3-a2df-e5b8cc53f4f9,20.5667,4.4501,9
125,570,-119.5771,20.5667,6.8609,18.6681,3b79f22e-46ab-4ee3-a2df-e5b8cc53f4f9,20.5667,4.4501,9
126,415,-141.0257,27.7537,-11.8516,27.7537,987fee76-d9e7-47f9-934e-281cbdf5dc11,27.7537,7.621,11
127,580,-118.6944,27.7537,8.1526,25.9293,987fee76-d9e7-47f9-934e-281cbdf5dc11,27.7537,7.621,11
128,592,-118.7145,27.7537,8.9529,26.1684,987fee76-d9e7-47f9-934e-281cbdf5dc11,27.7537,7.621,11
129,587,-128.2793,27.7537,7.8463,19.7876,987fee76-d9e7-47f9-934e-281cbdf5dc11,27.7537,7.621,11
130,588,-118.3355,28.0395,9.461,28.0395,e0e5f8e7-8113-4247-9c6a-0c2a38aa44f3,28.0395,8.3235,11
131,426,-159.7975,28.0395,-11.7528,20.7444,e0e5f8e7-8113-4247-9c6a-0c2a38aa44f3,28.0395,8.3235,11
132,556,-136.3048,29.8121,6.7507,29.8121,97f0e178-a048-4bf7-9b43-f397eef04729,29.8121,3.1397,11
133,569,-134.7061,31.4342,5.224,31.4342,6468e883-e23a-48af-8a80-059cabb5e42c,31.4342,8.6537,11
134,572,-119.4952,33.8668,8.3206,33.8668,e7d98af9-2e00-4804-82c1-549bc6a2403e,33.8668,2.311,11
135,580,-141.4804,33.8668,8.0105,32.2662,e7d98af9-2e00-4804-82c1-549bc6a2403e,33.8668,2.311,11
136,345,-144.5252,34.0429,-18.1228,34.0429,a033f8fe-0008-435f-b119-749aa093a0aa,34.0429,3.3506,10
137,536,-176.3309,34.0429,8.7029,31.621,a033f8fe-0008-435f-b119-749aa093a0aa,34.0429,3.3506,10
138,504,-146.7977,36.3354,6.7375,36.3354,9d143477-48dd-4806-8eef-6150aa9ad187,36.3354,3.7126,11
139,509,-140.9182,36.3354,9.0822,33.8315,9d143477-48dd-4806-8eef-6150aa9ad187,36.3354,3.7126,11
140,515,-143.957,36.3354,8.9417,32.05,9d143477-48dd-4806-8eef-6150aa9ad187,36.3354,3.7126,11
141,301,-165.4847,36.3354,-17.8023,30.6692,9d143477-48dd-4806-8eef-6150aa9ad187,36.3354,3.7126,11
142,542,-151.386,36.3354,12.1738,32.1581,9d143477-48dd-4806-8eef-6150aa9ad187,36.3354,3.7126,11
143,524,-142.9594,36.3354,8.7986,33.8846,9d143477-48dd-4806-8eef-6150aa9ad187,36.3354,3.7126,11
144,551,-156.3741,36.3354,13.0977,34.6077,9d143477-48dd-4806-8eef-6150aa9ad187,36.3354,3.7126,11
145,498,-141.4676,36.3354,8.2421,30.9366,9d143477-48dd-4806-8eef-6150aa9ad187,36.3354,3.7126,11
146,254,-152.9658,36.3354,-21.8289,30.8075,9d143477-48dd-4806-8eef-6150aa9ad187,36.3354,3.7126,11
147,528,-146.3135,36.3354,8.6721,32.8095,9d143477-48dd-4806-8eef-6150aa9ad187,36.3354,3.7126,11
148,526,-144.1325,36.3354,11.0279,34.62,9d143477-48dd-4806-8eef-6150aa9ad187,36.3354,3.7126,11
149,549,-144.3045,36.3354,14.0678,32.0525,9d143477-48dd-4806-8eef-6150aa9ad187,36.3354,3.7126,11
150,487,-149.0047,36.3354,8.333,33.3855,9d143477-48dd-4806-8eef-6150aa9ad187,36.3354,3.7126,11
151,258,-146.6971,36.3354,-22.0341,31.4721,9d143477-48dd-4806-8eef-6150aa9ad187,36.3354,3.7126,11
152,510,-141.1371,36.3354,9.911,32.7388,9d143477-48dd-4806-8eef-6150aa9ad187,36.3354,3.7126,11
153,515,-144.5493,36.3354,9.1329,32.456,9d143477-48dd-4806-8eef-6150aa9ad187,36.3354,3.7126,11
154,478,-145.1251,36.3354,6.3035,32.344,9d143477-48dd-4806-8eef-6150aa9ad187,36.3354,3.7126,11
155,481,-141.6458,36.3354,7.616,32.5173,9d143477-48dd-4806-8eef-6150aa9ad187,36.3354,3.7126,11
156,290,-147.3125,36.3354,-19.2773,31.1772,9d143477-48dd-4806-8eef-6150aa9ad187,36.3354,3.7126,11
157,516,-143.0224,36.3354,10.9175,33.3924,9d143477-48dd-4806-8eef-6150aa9ad187,36.3354,3.7126,11
158,540,-140.392,36.3354,14.6383,32.0714,9d143477-48dd-4806-8eef-6150aa9ad187,36.3354,3.7126,11
159,508,-144.037,36.3354,9.4342,34.248,9d143477-48dd-4806-8eef-6150aa9ad187,36.3354,3.7126,11
160,505,-151.2494,36.3354,8.2942,31.8707,9d143477-48dd-4806-8eef-6150aa9ad187,36.3354,3.7126,11
161,259,-153.6119,36.3354,-21.5831,29.8211,9d143477-48dd-4806-8eef-6150aa9ad187,36.3354,3.7126,11
162,544,-145.2818,36.3354,12.348,33.0437,9d143477-48dd-4806-8eef-6150aa9ad187,36.3354,3.7126,11
163,527,-148.3516,36.3354,10.0821,32.0406,9d143477-48dd-4806-8eef-6150aa9ad187,36.3354,3.7126,11
164,545,-180.7871,36.3354,11.6587,33.3812,9d143477-48dd-4806-8eef-6150aa9ad187,36.3354,3.7126,11
165,449,-170.0257,36.3354,4.3032,33.5617,9d143477-48dd-4806-8eef-6150aa9ad187,36.3354,3.7126,11
166,287,-179.1533,36.3354,-19.7384,30.516,9d143477-48dd-4806-8eef-6150aa9ad187,36.3354,3.7126,11
167,521,-156.1473,36.3354,12.9338,34.0579,9d143477-48dd-4806-8eef-6150aa9ad187,36.3354,3.7126,11
168,513,-143.5584,36.3354,11.1379,32.7071,9d143477-48dd-4806-8eef-6150aa9ad187,36.3354,3.7126,11
169,553,-145.0296,36.3354,14.8598,32.8076,9d143477-48dd-4806-8eef-6150aa9ad187,36.3354,3.7126,11
170,530,-145.7731,36.3354,15.1871,32.4444,9d143477-48dd-4806-8eef-6150aa9ad187,36.3354,3.7126,11
171,325,-138.1057,36.3354,-16.1575,32.9295,9d143477-48dd-4806-8eef-6150aa9ad187,36.3354,3.7126,11
172,499,-142.9776,36.3354,9.6003,32.5293,9d143477-48dd-4806-8eef-6150aa9ad187,36.3354,3.7126,11
173,504,-144.5217,36.3354,10.1138,34.8461,9d143477-48dd-4806-8eef-6150aa9ad187,36.3354,3.7126,11
174,512,-132.2752,36.3354,12.0682,33.7725,9d143477-48dd-4806-8eef-6150aa9ad187,36.3354,3.7126,11
175,521,-137.5581,36.3354,12.3955,32.7123,9d143477-48dd-4806-8eef-6150aa9ad187,36.3354,3.7126,11
176,287,-145.5169,36.3354,-16.973,30.6084,9d143477-48dd-4806-8eef-6150aa9ad187,36.3354,3.7126,11
177,533,-136.1766,36.3354,13.743,34.6222,9d143477-48dd-4806-8eef-6150aa9ad187,36.3354,3.7126,11
178,493,-139.5841,36.3354,9.7216,34.6018,9d143477-48dd-4806-8eef-6150aa9ad187,36.3354,3.7126,11
179,489,-146.7631,36.3354,8.4563,32.7624,9d143477-48dd-4806-8eef-6150aa9ad187,36.3354,3.7126,11
180,513,-143.5315,36.3354,9.1818,32.0419,9d143477-48dd-4806-8eef-6150aa9ad187,36.3354,3.7126,11
181,268,-139.4068,36.3354,-17.2846,31.114,9d143477-48dd-4806-8eef-6150aa9ad187,36.3354,3.7126,11
182,531,-150.5208,36.3354,11.9398,33.2855,9d143477-48dd-4806-8eef-6150aa9ad187,36.3354,3.7126,11
183,499,-155.4049,36.3354,9.3882,34.3979,9d143477-48dd-4806-8eef-6150aa9ad187,36.3354,3.7126,11
184,552,-145.4912,36.3354,11.2793,32.311,9d143477-48dd-4806-8eef-6150aa9ad187,36.3354,3.7126,11
185,514,-141.9969,36.3354,11.5971,33.2418,9d143477-48dd-4806-8eef-6150aa9ad187,36.3354,3.7126,11
186,254,-172.0714,36.3354,-21.2741,30.2405,9d143477-48dd-4806-8eef-6150aa9ad187,36.3354,3.7126,11
187,508,-144.0727,36.3354,10.5819,32.5245,9d143477-48dd-4806-8eef-6150aa9ad187,36.3354,3.7126,11
188,533,-142.5703,36.3354,12.6648,33.4769,9d143477-48dd-4806-8eef-6150aa9ad187,36.3354,3.7126,11
189,492,-146.8856,36.3354,8.1561,34.1898,9d143477-48dd-4806-8eef-6150aa9ad187,36.3354,3.7126,11
190,506,-140.0251,36.3354,10.9943,34.264,9d143477-48dd-4806-8eef-6150aa9ad187,36.3354,3.7126,11
191,263,-157.7235,36.3354,-19.4574,33.995,9d143477-48dd-4806-8eef-6150aa9ad187,36.3354,3.7126,11
192,500,-139.921,36.3354,7.4933,31.6555,9d143477-48dd-4806-8eef-6150aa9ad187,36.3354,3.7126,11
193,502,-138.7807,36.3354,10.1908,30.7684,9d143477-48dd-4806-8eef-6150aa9ad187,36.3354,3.7126,11
194,504,-196.5918,36.3354,10.8466,32.0829,9d143477-48dd-4806-8eef-6150aa9ad187,36.3354,3.7126,11
195,544,-151.1427,36.3354,13.484,33.1571,9d143477-48dd-4806-8eef-6150aa9ad187,36.3354,3.7126,11
196,235,-163.3165,36.3354,-22.2276,31.3341,9d143477-48dd-4806-8eef-6150aa9ad187,36.3354,3.7126,11
197,512,-145.7047,36.3354,11.1389,32.9118,9d143477-48dd-4806-8eef-6150aa9ad187,36.3354,3.7126,11
198,513,-155.4428,36.3354,9.0627,33.1465,9d143477-48dd-4806-8eef-6150aa9ad187,36.3354,3.7126,11
199,521,-154.2688,36.3354,11.3144,34.9068,9d143477-48dd-4806-8eef-6150aa9ad187,36.3354,3.7126,11
200,484,-156.6363,36.3354,9.3552,32.6338,9d143477-48dd-4806-8eef-6150aa9ad187,36.3354,3.7126,11
201,247,-148.8255,36.3354,-20.4111,31.9814,9d143477-48dd-4806-8eef-6150aa9ad187,36.3354,3.7126,11
202,511,-151.471,36.3354,12.2411,33.022,9d143477-48dd-4806-8eef-6150aa9ad187,36.3354,3.7126,11
203,532,-145.7796,36.3354,11.3451,33.4997,9d143477-48dd-4806-8eef-6150aa9ad187,36.3354,3.7126,11
204,534,-143.3264,36.3354,13.7617,33.2763,9d143477-48dd-4806-8eef-6150aa9ad187,36.3354,3.7126,11
205,537,-149.0175,36.3354,12.6377,33.0984,9d143477-48dd-4806-8eef-6150aa9ad187,36.3354,3.7126,11
206,315,-151.4401,36.3354,-16.7212,35.0837,9d143477-48dd-4806-8eef-6150aa9ad187,36.3354,3.7126,11
207,484,-145.4932,36.3354,7.9427,31.0679,9d143477-48dd-4806-8eef-6150aa9ad187,36.3354,3.7126,11
208,538,-144.3366,36.3354,13.4893,32.1387,9d143477-48dd-4806-8eef-6150aa9ad187,36.3354,3.7126,11
209,518,-150.1021,36.3354,13.0001,32.8382,9d143477-48dd-4806-8eef-6150aa9ad187,36.3354,3.7126,11
210,485,-146.6282,36.3354,9.6587,31.5705,9d143477-48dd-4806-8eef-6150aa9ad187,36.3354,3.7126,11
211,261,-156.8293,36.3354,-20.2731,31.2808,9d143477-48dd-4806-8eef-6150aa9ad187,36.3354,3.7126,11
212,502,-150.411,36.3354,8.6934,32.1295,9d143477-48dd-4806-8eef-6150aa9ad187,36.3354,3.7126,11
213,498,-150.1471,36.3354,8.9253,34.5903,9d143477-48dd-4806-8eef-6150aa9ad187,36.3354,3.7126,11
214,527,-148.1925,36.3354,11.9197,34.2498,9d143477-48dd-4806-8eef-6150aa9ad187,36.3354,3.7126,11
215,498,-149.6184,38.4246,8.2352,38.4246,59aaf1e7-b4d1-427a-8c56-fc6172636360,38.4246,3.2655,11
216,297,-172.6859,38.4246,-18.1029,32.1934,59aaf1e7-b4d1-427a-8c56-fc6172636360,38.4246,3.2655,11
217,518,-144.3861,38.4246,11.5361,32.208,59aaf1e7-b4d1-427a-8c56-fc6172636360,38.4246,3.2655,11
218,522,-145.396,38.4246,10.8918,33.3969,59aaf1e7-b4d1-427a-8c56-fc6172636360,38.4246,3.2655,11
219,532,-152.0284,38.4246,14.1733,32.2597,59aaf1e7-b4d1-427a-8c56-fc6172636360,38.4246,3.2655,11
220,512,-146.889,38.4246,10.5865,32.5561,59aaf1e7-b4d1-427a-8c56-fc6172636360,38.4246,3.2655,11
221,323,-145.8484,38.4246,-13.9778,29.2388,59aaf1e7-b4d1-427a-8c56-fc6172636360,38.4246,3.2655,11
222,533,-135.6679,38.4246,13.4761,31.3328,59aaf1e7-b4d1-427a-8c56-fc6172636360,38.4246,3.2655,11
223,518,-143.5022,38.4246,11.6993,34.0393,59aaf1e7-b4d1-427a-8c56-fc6172636360,38.4246,3.2655,11
224,528,-149.22,38.4246,10.7216,33.1639,59aaf1e7-b4d1-427a-8c56-fc6172636360,38.4246,3.2655,11
225,542,-147.2322,38.4246,13.3309,33.469,59aaf1e7-b4d1-427a-8c56-fc6172636360,38.4246,3.2655,11
226,342,-166.4769,38.4246,-16.399,36.4235,59aaf1e7-b4d1-427a-8c56-fc6172636360,38.4246,3.2655,11
227,485,-162.7672,38.4246,6.8248,32.2117,59aaf1e7-b4d1-427a-8c56-fc6172636360,38.4246,3.2655,11
228,543,-145.3629,38.4246,12.2143,31.5964,59aaf1e7-b4d1-427a-8c56-fc6172636360,38.4246,3.2655,11
229,510,-142.4133,38.4246,11.4738,32.584,59aaf1e7-b4d1-427a-8c56-fc6172636360,38.4246,3.2655,11
230,510,-144.0495,38.4246,11.0252,32.3558,59aaf1e7-b4d1-427a-8c56-fc6172636360,38.4246,3.2655,11
231,257,-163.481,38.4246,-21.1609,31.8596,59aaf1e7-b4d1-427a-8c56-fc6172636360,38.4246,3.2655,11
232,535,-150.5613,38.4246,13.1936,32.3912,59aaf1e7-b4d1-427a-8c56-fc6172636360,38.4246,3.2655,11
233,516,-148.7631,38.4246,10.8824,33.443,59aaf1e7-b4d1-427a-8c56-fc6172636360,38.4246,3.2655,11
234,530,-141.6386,38.4246,11.2404,34.4037,59aaf1e7-b4d1-427a-8c56-fc6172636360,38.4246,3.2655,11
235,524,-150.4497,38.4246,11.6666,33.2793,59aaf1e7-b4d1-427a-8c56-fc6172636360,38.4246,3.2655,11
236,286,-167.7448,38.4246,-17.2308,31.7326,59aaf1e7-b4d1-427a-8c56-fc6172636360,38.4246,3.2655,11
237,509,-152.9113,38.4246,7.8741,33.7945,59aaf1e7-b4d1-427a-8c56-fc6172636360,38.4246,3.2655,11
238,500,-167.857,38.4246,7.1833,33.3123,59aaf1e7-b4d1-427a-8c56-fc6172636360,38.4246,3.2655,11
239,545,-147.7949,38.4246,15.27,31.9256,59aaf1e7-b4d1-427a-8c56-fc6172636360,38.4246,3.2655,11
240,551,-151.2277,38.4246,16.517,32.3418,59aaf1e7-b4d1-427a-8c56-fc6172636360,38.4246,3.2655,11
241,296,-160.7834,38.4246,-17.0141,32.0294,59aaf1e7-b4d1-427a-8c56-fc6172636360,38.4246,3.2655,11
242,511,-162.2385,38.4246,13.086,30.7751,59aaf1e7-b4d1-427a-8c56-fc6172636360,38.4246,3.2655,11
243,516,-157.5178,38.4246,10.0296,32.847,59aaf1e7-b4d1-427a-8c56-fc6172636360,38.4246,3.2655,11
244,546,-150.8171,38.4246,12.4277,33.4298,59aaf1e7-b4d1-427a-8c56-fc6172636360,38.4246,3.2655,11
245,545,-149.1752,38.4246,12.7612,31.766,59aaf1e7-b4d1-427a-8c56-fc6172636360,38.4246,3.2655,11
246,267,-141.3347,38.4246,-18.482,34.101,59aaf1e7-b4d1-427a-8c56-fc6172636360,38.4246,3.2655,11
247,526,-159.5485,38.4246,12.6036,33.5681,59aaf1e7-b4d1-427a-8c56-fc6172636360,38.4246,3.2655,11
248,512,-144.3239,38.4246,12.0196,33.828,59aaf1e7-b4d1-427a-8c56-fc6172636360,38.4246,3.2655,11
249,544,-145.6928,38.4246,12.4359,33.5102,59aaf1e7-b4d1-427a-8c56-fc6172636360,38.4246,3.2655,11
250,516,-163.9237,38.4246,11.8836,32.3251,59aaf1e7-b4d1-427a-8c56-fc6172636360,38.4246,3.2655,11
251,282,-159.1373,38.4246,-19.2119,30.2678,59aaf1e7-b4d1-427a-8c56-fc6172636360,38.4246,3.2655,11
252,532,-149.8841,38.4246,13.0232,32.548,59aaf1e7-b4d1-427a-8c56-fc6172636360,38.4246,3.2655,11
253,556,-139.1842,38.4246,15.446,33.7573,59aaf1e7-b4d1-427a-8c56-fc6172636360,38.4246,3.2655,11
254,508,-156.5908,38.4246,10.6626,31.8248,59aaf1e7-b4d1-427a-8c56-fc6172636360,38.4246,3.2655,11
255,513,-167.8636,38.4246,10.065,32.0091,59aaf1e7-b4d1-427a-8c56-fc6172636360,38.4246,3.2655,11
256,318,-177.9664,38.4246,-15.3744,34.4593,59aaf1e7-b4d1-427a-8c56-fc6172636360,38.4246,3.2655,11
257,516,-151.9668,38.4246,11.4253,33.7547,59aaf1e7-b4d1-427a-8c56-fc6172636360,38.4246,3.2655,11
258,502,-146.109,38.4246,9.4261,32.9359,59aaf1e7-b4d1-427a-8c56-fc6172636360,38.4246,3.2655,11
259,490,-149.1708,38.4246,10.3829,34.0909,59aaf1e7-b4d1-427a-8c56-fc6172636360,38.4246,3.2655,11
260,511,-149.232,38.4246,11.0131,33.4899,59aaf1e7-b4d1-427a-8c56-fc6172636360,38.4246,3.2655,11
261,282,-145.975,38.4246,-18.5235,31.9021,59aaf1e7-b4d1-427a-8c56-fc6172636360,38.4246,3.2655,11
262,517,-145.9201,38.4246,11.6115,33.7529,59aaf1e7-b4d1-427a-8c56-fc6172636360,38.4246,3.2655,11
263,519,-155.0456,38.4246,13.1138,33.7968,59aaf1e7-b4d1-427a-8c56-fc6172636360,38.4246,3.2655,11
264,502,-154.0532,38.4246,10.4335,32.3668,59aaf1e7-b4d1-427a-8c56-fc6172636360,38.4246,3.2655,11
265,527,-151.5041,38.4246,12.1211,33.1113,59aaf1e7-b4d1-427a-8c56-fc6172636360,38.4246,3.2655,11
266,257,-148.6067,38.4246,-20.3149,29.0697,59aaf1e7-b4d1-427a-8c56-fc6172636360,38.4246,3.2655,11
267,526,-131.0064,38.4246,12.6442,32.7106,59aaf1e7-b4d1-427a-8c56-fc6172636360,38.4246,3.2655,11
268,505,-140.3645,38.4246,10.9967,32.7175,59aaf1e7-b4d1-427a-8c56-fc6172636360,38.4246,3.2655,11
269,483,-146.1556,38.4246,8.4127,35.02,59aaf1e7-b4d1-427a-8c56-fc6172636360,38.4246,3.2655,11
270,517,-143.2092,38.4246,12.7271,32.7436,59aaf1e7-b4d1-427a-8c56-fc6172636360,38.4246,3.2655,11
271,287,-144.9147,38.4246,-18.9589,30.3995,59aaf1e7-b4d1-427a-8c56-fc6172636360,38.4246,3.2655,11
272,501,-144.9173,38.4246,10.3051,31.7012,59aaf1e7-b4d1-427a-8c56-fc6172636360,38.4246,3.2655,11
273,526,-150.3539,38.4246,11.6415,32.2443,59aaf1e7-b4d1-427a-8c56-fc6172636360,38.4246,3.2655,11
274,490,-156.5531,38.4246,7.6991,33.1492,59aaf1e7-b4d1-427a-8c56-fc6172636360,38.4246,3.2655,11
275,492,-132.8932,38.4246,10.3675,32.2818,59aaf1e7-b4d1-427a-8c56-fc6172636360,38.4246,3.2655,11
276,291,-165.3246,38.4246,-16.8921,32.0172,59aaf1e7-b4d1-427a-8c56-fc6172636360,38.4246,3.2655,11
277,541,-148.3373,38.4246,13.3892,33.4259,59aaf1e7-b4d1-427a-8c56-fc6172636360,38.4246,3.2655,11
278,524,-145.3091,38.4246,11.1083,31.7583,59aaf1e7-b4d1-427a-8c56-fc6172636360,38.4246,3.2655,11
279,481,-150.7046,38.4246,7.0813,33.4883,59aaf1e7-b4d1-427a-8c56-fc6172636360,38.4246,3.2655,11
280,495,-145.0584,38.4246,9.8526,33.0194,59aaf1e7-b4d1-427a-8c56-fc6172636360,38.4246,3.2655,11
281,256,-144.7122,38.4246,-18.5391,31.5502,59aaf1e7-b4d1-427a-8c56-fc6172636360,38.4246,3.2655,11
282,554,-144.6648,38.4246,16.3747,34.5014,59aaf1e7-b4d1-427a-8c56-fc6172636360,38.4246,3.2655,11
283,517,-148.021,38.4246,9.985,32.4717,59aaf1e7-b4d1-427a-8c56-fc6172636360,38.4246,3.2655,11
284,517,-138.265,38.4246,12.0115,32.5003,59aaf1e7-b4d1-427a-8c56-fc6172636360,38.4246,3.2655,11
285,523,-155.3195,38.4246,9.3009,33.0632,59aaf1e7-b4d1-427a-8c56-fc6172636360,38.4246,3.2655,11
286,305,-174.3864,38.4246,-17.1827,31.2056,59aaf1e7-b4d1-427a-8c56-fc6172636360,38.4246,3.2655,11
287,534,-136.7217,38.4246,16.3266,32.7812,59aaf1e7-b4d1-427a-8c56-fc6172636360,38.4246,3.2655,11
288,500,-137.8897,38.4246,10.2358,31.9,59aaf1e7-b4d1-427a-8c56-fc6172636360,38.4246,3.2655,11
289,499,-147.4332,38.4246,10.0402,31.6221,59aaf1e7-b4d1-427a-8c56-fc6172636360,38.4246,3.2655,11
290,508,-151.8991,38.4246,9.4966,32.0806,59aaf1e7-b4d1-427a-8c56-fc6172636360,38.4246,3.2655,11
291,278,-149.092,38.4246,-18.002,30.8718,59aaf1e7-b4d1-427a-8c56-fc6172636360,38.4246,3.2655,11
292,490,-138.6903,38.4246,8.282,33.7484,59aaf1e7-b4d1-427a-8c56-fc6172636360,38.4246,3.2655,11
293,521,-149.6433,38.4246,13.3162,31.65,59aaf1e7-b4d1-427a-8c56-fc6172636360,38.4246,3.2655,11
294,551,-147.7782,38.4246,16.4798,33.8769,59aaf1e7-b4d1-427a-8c56-fc6172636360,38.4246,3.2655,11
295,515,-144.5778,38.4246,10.7908,32.1955,59aaf1e7-b4d1-427a-8c56-fc6172636360,38.4246,3.2655,11
296,259,-154.573,38.4246,-20.7618,33.2093,59aaf1e7-b4d1-427a-8c56-fc6172636360,38.4246,3.2655,11
297,518,-142.2949,38.4246,11.8891,33.9896,59aaf1e7-b4d1-427a-8c56-fc6172636360,38.4246,3.2655,11
298,542,-147.4209,38.4246,13.7931,33.0662,59aaf1e7-b4d1-427a-8c56-fc6172636360,38.4246,3.2655,11
299,558,-170.889,38.4246,15.6585,34.0058,59aaf1e7-b4d1-427a-8c56-fc6172636360,38.4246,3.2655,11
300,522,-151.7628,38.4246,11.6153,34.8303,59aaf1e7-b4d1-427a-8c56-fc6172636360,38.4246,3.2655,11
301,232,-148.9683,38.4246,-22.8346,30.1925,59aaf1e7-b4d1-427a-8c56-fc6172636360,38.4246,3.2655,11
302,536,-149.5629,38.4246,13.1128,33.187,59aaf1e7-b4d1-427a-8c56-fc6172636360,38.4246,3.2655,11
303,550,-146.8706,38.4246,13.9867,32.5442,59aaf1e7-b4d1-427a-8c56-fc6172636360,38.4246,3.2655,11
304,527,-145.2328,38.4246,13.7996,32.8061,59aaf1e7-b4d1-427a-8c56-fc6172636360,38.4246,3.2655,11
305,522,-139.3083,38.4246,12.0146,33.3452,59aaf1e7-b4d1-427a-8c56-fc6172636360,38.4246,3.2655,11
306,267,-144.1621,38.4246,-19.0971,32.6211,59aaf1e7-b4d1-427a-8c56-fc6172636360,38.4246,3.2655,11
307,538,-145.7607,38.4246,12.3387,33.283,59aaf1e7-b4d1-427a-8c56-fc6172636360,38.4246,3.2655,11
308,522,-160.1501,38.4246,11.9781,34.7485,59aaf1e7-b4d1-427a-8c56-fc6172636360,38.4246,3.2655,11
309,546,-144.9383,38.4246,13.6224,33.0299,59aaf1e7-b4d1-427a-8c56-fc6172636360,38.4246,3.2655,11
310,525,-137.7349,38.4246,12.539,32.8008,59aaf1e7-b4d1-427a-8c56-fc6172636360,38.4246,3.2655,11
311,262,-151.0171,38.4246,-19.9458,31.3654,59aaf1e7-b4d1-427a-8c56-fc6172636360,38.4246,3.2655,11
312,544,-150.8222,38.4246,13.7029,31.6084,59aaf1e7-b4d1-427a-8c56-fc6172636360,38.4246,3.2655,11
313,536,-136.2969,38.4246,14.339,34.4003,59aaf1e7-b4d1-427a-8c56-fc6172636360,38.4246,3.2655,11
314,507,-138.0741,38.4246,9.4434,32.2489,59aaf1e7-b4d1-427a-8c56-fc6172636360,38.4246,3.2655,11
315,531,-141.0698,38.4246,14.7112,34.2193,59aaf1e7-b4d1-427a-8c56-fc6172636360,38.4246,3.2655,11
316,251,-168.0797,38.4246,-19.1854,31.9996,59aaf1e7-b4d1-427a-8c56-fc6172636360,38.4246,3.2655,11
317,522,-148.2678,38.4246,11.339,35.5723,59aaf1e7-b4d1-427a-8c56-fc6172636360,38.4246,3.2655,11
318,554,-141.3764,38.4246,15.5239,33.5211,59aaf1e7-b4d1-427a-8c56-fc6172636360,38.4246,3.2655,11
319,552,-149.6939,38.4246,16.1745,32.506,59aaf1e7-b4d1-427a-8c56-fc6172636360,38.4246,3.2655,11
320,506,-144.3595,38.4246,12.4893,33.7745,59aaf1e7-b4d1-427a-8c56-fc6172636360,38.4246,3.2655,11
321,261,-163.1396,38.4246,-22.2162,32.337,59aaf1e7-b4d1-427a-8c56-fc6172636360,38.4246,3.2655,11
322,514,-144.9942,38.4246,12.7998,33.8871,59aaf1e7-b4d1-427a-8c56-fc6172636360,38.4246,3.2655,11
323,520,-144.652,38.4246,13.5304,32.3348,59aaf1e7-b4d1-427a-8c56-fc6172636360,38.4246,3.2655,11
324,538,-146.5847,38.4246,14.1114,35.3319,59aaf1e7-b4d1-427a-8c56-fc6172636360,38.4246,3.2655,11
325,521,-146.0763,38.4246,12.0181,33.4334,59aaf1e7-b4d1-427a-8c56-fc6172636360,38.4246,3.2655,11
326,340,-164.189,38.4246,-14.057,31.9161,59aaf1e7-b4d1-427a-8c56-fc6172636360,38.4246,3.2655,11
327,541,-138.7811,38.4246,14.7511,31.6234,59aaf1e7-b4d1-427a-8c56-fc6172636360,38.4246,3.2655,11
328,514,-142.8932,38.4246,12.0248,32.5211,59aaf1e7-b4d1-427a-8c56-fc6172636360,38.4246,3.2655,11
329,522,-153.9453,38.4246,9.3856,31.1798,59aaf1e7-b4d1-427a-8c56-fc6172636360,38.4246,3.2655,11
330,520,-148.1026,38.4246,10.0026,33.207,59aaf1e7-b4d1-427a-8c56-fc6172636360,38.4246,3.2655,11
331,231,-155.3326,38.4246,-19.8376,30.4905,59aaf1e7-b4d1-427a-8c56-fc6172636360,38.4246,3.2655,11
332,528,-144.2481,38.4246,11.9248,33.2329,59aaf1e7-b4d1-427a-8c56-fc6172636360,38.4246,3.2655,11
333,526,-142.7189,38.4246,12.619,34.0238,59aaf1e7-b4d1-427a-8c56-fc6172636360,38.4246,3.2655,11
334,517,-145.3691,38.4246,10.2109,34.2412,59aaf1e7-b4d1-427a-8c56-fc6172636360,38.4246,3.2655,11
335,495,-149.6721,38.4246,10.9229,31.6585,59aaf1e7-b4d1-427a-8c56-fc6172636360,38.4246,3.2655,11
336,268,-146.3737,38.4246,-20.7179,31.4228,59aaf1e7-b4d1-427a-8c56-fc6172636360,38.4246,3.2655,11
337,535,-135.3708,38.4246,12.8734,32.8784,59aaf1e7-b4d1-427a-8c56-fc6172636360,38.4246,3.2655,11
338,525,-151.0341,38.4246,13.8643,33.2316,59aaf1e7-b4d1-427a-8c56-fc6172636360,38.4246,3.2655,11
339,501,-165.9477,38.4246,10.5877,33.0125,59aaf1e7-b4d1-427a-8c56-fc6172636360,38.4246,3.2655,11
340,488,-144.0413,38.4246,8.1575,34.1591,59aaf1e7-b4d1-427a-8c56-fc6172636360,38.4246,3.2655,11
341,288,-184.8246,38.4246,-20.5708,33.0339,59aaf1e7-b4d1-427a-8c56-fc6172636360,38.4246,3.2655,11
342,544,-140.7614,38.4246,16.0951,31.2537,59aaf1e7-b4d1-427a-8c56-fc6172636360,38.4246,3.2655,11
343,510,-144.5908,38.4246,12.1563,32.4578,59aaf1e7-b4d1-427a-8c56-fc6172636360,38.4246,3.2655,11
344,520,-145.7764,38.4246,12.1031,31.4298,59aaf1e7-b4d1-427a-8c56-fc6172636360,38.4246,3.2655,11
345,509,-145.2719,38.4246,10.305,35.6316,59aaf1e7-b4d1-427a-8c56-fc6172636360,38.4246,3.2655,11
346,273,-148.4894,38.4246,-18.6321,30.417,59aaf1e7-b4d1-427a-8c56-fc6172636360,38.4246,3.2655,11
347,529,-176.7632,38.4246,11.8555,34.7836,59aaf1e7-b4d1-427a-8c56-fc6172636360,38.4246,3.2655,11
348,528,-143.9599,38.4246,13.3361,35.5265,59aaf1e7-b4d1-427a-8c56-fc6172636360,38.4246,3.2655,11
349,515,-145.4422,38.4246,11.0464,35.9919,59aaf1e7-b4d1-427a-8c56-fc6172636360,38.4246,3.2655,11
350,501,-138.4663,38.4246,11.1304,34.7174,59aaf1e7-b4d1-427a-8c56-fc6172636360,38.4246,3.2655,11
351,281,-145.6392,38.4246,-17.5166,30.574,59aaf1e7-b4d1-427a-8c56-fc6172636360,38.4246,3.2655,11
352,496,-145.9396,38.4246,10.2438,34.5113,59aaf1e7-b4d1-427a-8c56-fc6172636360,38.4246,3.2655,11
353,493,-149.1482,38.4246,8.541,33.9707,59aaf1e7-b4d1-427a-8c56-fc6172636360,38.4246,3.2655,11
354,516,-149.0578,38.4246,12.1064,32.9677,59aaf1e7-b4d1-427a-8c56-fc6172636360,38.4246,3.2655,11
355,534,-147.4245,38.4246,15.0019,33.4602,59aaf1e7-b4d1-427a-8c56-fc6172636360,38.4246,3.2655,11
356,287,-154.0057,38.4246,-16.2735,33.7089,59aaf1e7-b4d1-427a-8c56-fc6172636360,38.4246,3.2655,11
357,513,-134.9825,38.4246,11.5408,33.5642,59aaf1e7-b4d1-427a-8c56-fc6172636360,38.4246,3.2655,11
358,545,-127.7229,38.4246,13.3497,33.0135,59aaf1e7-b4d1-427a-8c56-fc6172636360,38.4246,3.2655,11
359,524,-156.2117,38.4246,13.321,32.5703,59aaf1e7-b4d1-427a-8c56-fc6172636360,38.4246,3.2655,11
360,540,-158.1739,38.4246,12.1405,33.1047,59aaf1e7-b4d1-427a-8c56-fc6172636360,38.4246,3.2655,11
361,272,-162.7021,38.4246,-20.5964,31.0888,59aaf1e7-b4d1-427a-8c56-fc6172636360,38.4246,3.2655,11
362,528,-154.1065,38.4246,13.1887,33.0244,59aaf1e7-b4d1-427a-8c56-fc6172636360,38.4246,3.2655,11
363,495,-150.1323,38.4246,6.533,34.1741,59aaf1e7-b4d1-427a-8c56-fc6172636360,38.4246,3.2655,11
364,523,-142.7672,38.4246,11.1751,32.4766,59aaf1e7-b4d1-427a-8c56-fc6172636360,38.4246,3.2655,11
365,491,-136.2348,38.4246,10.8963,34.0169,59aaf1e7-b4d1-427a-8c56-fc6172636360,38.4246,3.2655,11
366,284,-181.495,38.4246,-16.0342,30.7443,59aaf1e7-b4d1-427a-8c56-fc6172636360,38.4246,3.2655,11
367,569,-154.068,38.4246,16.8154,32.1748,59aaf1e7-b4d1-427a-8c56-fc6172636360,38.4246,3.2655,11
368,550,-146.0742,38.4246,14.289,32.8642,59aaf1e7-b4d1-427a-8c56-fc6172636360,38.4246,3.2655,11
369,495,-138.2166,38.4246,8.8877,32.296,59aaf1e7-b4d1-427a-8c56-fc6172636360,38.4246,3.2655,11
370,543,-126.5413,38.4246,13.361,33.1475,59aaf1e7-b4d1-427a-8c56-fc6172636360,38.4246,3.2655,11
371,315,-180.0633,38.4246,-14.674,31.3999,59aaf1e7-b4d1-427a-8c56-fc6172636360,38.4246,3.2655,11
372,536,-147.6071,38.4246,14.316,32.9728,59aaf1e7-b4d1-427a-8c56-fc6172636360,38.4246,3.2655,11
373,526,-151.7399,38.4246,12.5701,33.8741,59aaf1e7-b4d1-427a-8c56-fc6172636360,38.4246,3.2655,11
374,514,-144.2492,38.4246,9.7435,32.2171,59aaf1e7-b4d1-427a-8c56-fc6172636360,38.4246,3.2655,11
375,507,-148.7452,38.4246,10.3361,32.2777,59aaf1e7-b4d1-427a-8c56-fc6172636360,38.4246,3.2655,11
376,233,-147.2735,38.4246,-24.3875,35.0659,59aaf1e7-b4d1-427a-8c56-fc6172636360,38.4246,3.2655,11
377,506,-139.775,38.4246,11.3108,33.5642,59aaf1e7-b4d1-427a-8c56-fc6172636360,38.4246,3.2655,11
378,500,-140.0306,38.4246,10.1202,32.6058,59aaf1e7-b4d1-427a-8c56-fc6172636360,38.4246,3.2655,11
379,544,-146.6923,38.4246,12.9946,34.8468,59aaf1e7-b4d1-427a-8c56-fc6172636360,38.4246,3.2655,11
380,510,-147.2159,38.4246,10.4328,33.1229,59aaf1e7-b4d1-427a-8c56-fc6172636360,38.4246,3.2655,11
381,280,-147.5184,38.4246,-17.2027,32.9918,59aaf1e7-b4d1-427a-8c56-fc6172636360,38.4246,3.2655,11
382,522,-146.6009,38.4246,10.8755,32.5851,59aaf1e7-b4d1-427a-8c56-fc6172636360,38.4246,3.2655,11
383,516,-142.8786,38.4246,12.9821,31.9452,59aaf1e7-b4d1-427a-8c56-fc6172636360,38.4246,3.2655,11
384,534,-138.1236,38.4246,14.0533,33.509,59aaf1e7-b4d1-427a-8c56-fc6172636360,38.4246,3.2655,11
385,532,-147.3518,38.4246,13.2671,34.8464,59aaf1e7-b4d1-427a-8c56-fc6172636360,38.4246,3.2655,11
386,286,-147.1298,38.4246,-15.9111,32.6162,59aaf1e7-b4d1-427a-8c56-fc6172636360,38.4246,3.2655,11
387,503,-139.86,38.4246,11.0465,34.2115,59aaf1e7-b4d1-427a-8c56-fc6172636360,38.4246,3.2655,11
388,555,-192.0806,38.4246,13.0398,32.2668,59aaf1e7-b4d1-427a-8c56-fc6172636360,38.4246,3.2655,11
389,523,-144.3719,38.4246,13.507,32.6188,59aaf1e7-b4d1-427a-8c56-fc6172636360,38.4246,3.2655,11
390,500,-160.1377,38.4246,9.0851,33.0986,59aaf1e7-b4d1-427a-8c56-fc6172636360,38.4246,3.2655,11
391,280,-152.7395,38.4246,-17.0584,30.7682,59aaf1e7-b4d1-427a-8c56-fc6172636360,38.4246,3.2655,11
392,506,-148.0578,38.4246,10.5762,32.2973,59aaf1e7-b4d1-427a-8c56-fc6172636360,38.4246,3.2655,11
393,479,-146.7354,38.4246,6.2778,33.184,59aaf1e7-b4d1-427a-8c56-fc6172636360,38.4246,3.2655,11
394,511,-143.4786,38.4246,8.8474,32.2845,59aaf1e7-b4d1-427a-8c56-fc6172636360,38.4246,3.2655,11
395,511,-150.232,38.4246,10.1152,32.9541,59aaf1e7-b4d1-427a-8c56-fc6172636360,38.4246,3.2655,11
396,279,-159.3594,38.4246,-23.8305,32.7143,59aaf1e7-b4d1-427a-8c56-fc6172636360,38.4246,3.2655,11
397,503,-140.7236,38.4246,11.7221,35.593,59aaf1e7-b4d1-427a-8c56-fc6172636360,38.4246,3.2655,11
398,508,-147.7795,38.4246,11.1816,32.9775,59aaf1e7-b4d1-427a-8c56-fc6172636360,38.4246,3.2655,11
399,511,-140.0782,38.4246,12.2622,33.6624,59aaf1e7-b4d1-427a-8c56-fc6172636360,38.4246,3.2655,11
400,493,-146.8667,38.4246,8.9262,33.724,59aaf1e7-b4d1-427a-8c56-fc6172636360,38.4246,3.2655,11
401,287,-155.7515,38.4246,-15.2789,32.1768,59aaf1e7-b4d1-427a-8c56-fc6172636360,38.4246,3.2655,11
402,516,-136.4673,38.4246,12.9313,33.3528,59aaf1e7-b4d1-427a-8c56-fc6172636360,38.4246,3.2655,11
403,518,-165.9031,38.4246,11.037,32.6897,59aaf1e7-b4d1-427a-8c56-fc6172636360,38.4246,3.2655,11
404,523,-147.8079,38.4246,13.3887,33.3617,59aaf1e7-b4d1-427a-8c56-fc6172636360,38.4246,3.2655,11
405,508,-149.2338,38.4246,9.7106,32.0897,59aaf1e7-b4d1-427a-8c56-fc6172636360,38.4246,3.2655,11
406,324,-168.0572,38.4246,-16.5165,31.721,59aaf1e7-b4d1-427a-8c56-fc6172636360,38.4246,3.2655,11
407,523,-147.4588,38.4246,12.6467,31.8349,59aaf1e7-b4d1-427a-8c56-fc6172636360,38.4246,3.2655,11
408,524,-144.3745,38.4246,13.7838,32.0685,59aaf1e7-b4d1-427a-8c56-fc6172636360,38.4246,3.2655,11
409,549,-143.4632,38.4246,14.0043,33.3965,59aaf1e7-b4d1-427a-8c56-fc6172636360,38.4246,3.2655,11
410,531,-136.478,38.4246,14.6756,32.29,59aaf1e7-b4d1-427a-8c56-fc6172636360,38.4246,3.2655,11
411,319,-199.1014,38.4246,-16.35,32.4269,59aaf1e7-b4d1-427a-8c56-fc6172636360,38.4246,3.2655,11
412,549,-186.4829,38.4246,14.7914,31.4026,59aaf1e7-b4d1-427a-8c56-fc6172636360,38.4246,3.2655,11
413,530,-140.0568,38.4246,14.8193,35.2882,59aaf1e7-b4d1-427a-8c56-fc6172636360,38.4246,3.2655,11
414,491,-138.9971,38.4246,9.2495,30.9762,59aaf1e7-b4d1-427a-8c56-fc6172636360,38.4246,3.2655,11
415,515,-168.665,38.4246,12.4828,33.5743,59aaf1e7-b4d1-427a-8c56-fc6172636360,38.4246,3.2655,11
416,286,-145.9184,38.4246,-19.5373,32.2448,59aaf1e7-b4d1-427a-8c56-fc6172636360,38.4246,3.2655,11
417,523,-162.4203,38.4246,13.0165,32.4843,59aaf1e7-b4d1-427a-8c56-fc6172636360,38.4246,3.2655,11
418,519,-143.1343,38.4246,13.6725,32.2576,59aaf1e7-b4d1-427a-8c56-fc6172636360,38.4246,3.2655,11
419,556,-138.541,38.4246,15.753,34.8356,59aaf1e7-b4d1-427a-8c56-fc6172636360,38.4246,3.2655,11
420,519,-147.9894,38.4246,11.8245,34.4481,59aaf1e7-b4d1-427a-8c56-fc6172636360,38.4246,3.2655,11
421,256,-150.1181,38.4246,-19.0874,33.0578,59aaf1e7-b4d1-427a-8c56-fc6172636360,38.4246,3.2655,11
422,544,-133.725,38.4246,14.3579,31.7991,59aaf1e7-b4d1-427a-8c56-fc6172636360,38.4246,3.2655,11
423,500,-143.9768,38.4246,12.2714,32.8345,59aaf1e7-b4d1-427a-8c56-fc6172636360,38.4246,3.2655,11
424,550,-146.6458,38.4246,16.052,32.0812,59aaf1e7-b4d1-427a-8c56-fc6172636360,38.4246,3.2655,11
425,511,-140.5226,38.4246,12.5698,31.948,59aaf1e7-b4d1-427a-8c56-fc6172636360,38.4246,3.2655,11
426,248,-165.8476,38.4246,-21.203,29.1223,59aaf1e7-b4d1-427a-8c56-fc6172636360,38.4246,3.2655,11
427,481,-145.9971,38.4246,7.4532,33.4618,59aaf1e7-b4d1-427a-8c56-fc6172636360,38.4246,3.2655,11
428,507,-151.2967,38.4246,10.9009,33.75,59aaf1e7-b4d1-427a-8c56-fc6172636360,38.4246,3.2655,11
429,484,-123.2806,38.4246,10.0219,32.739,59aaf1e7-b4d1-427a-8c56-fc6172636360,38.4246,3.2655,11
430,524,-149.3714,38.4246,11.7518,32.4813,59aaf1e7-b4d1-427a-8c56-fc6172636360,38.4246,3.2655,11
431,284,-146.1004,38.4246,-17.9551,30.4214,59aaf1e7-b4d1-427a-8c56-fc6172636360,38.4246,3.2655,11
432,520,-156.9198,38.4246,12.1797,36.1892,59aaf1e7-b4d1-427a-8c56-fc6172636360,38.4246,3.2655,11
433,529,-154.5963,38.4246,14.6917,32.8129,59aaf1e7-b4d1-427a-8c56-fc6172636360,38.4246,3.2655,11
434,517,-147.9894,38.4246,11.8601,33.4439,59aaf1e7-b4d1-427a-8c56-fc6172636360,38.4246,3.2655,11
435,523,-145.3613,38.4246,13.1209,32.6457,59aaf1e7-b4d1-427a-8c56-fc6172636360,38.4246,3.2655,11
436,320,-144.7679,38.4246,-13.9718,30.1431,59aaf1e7-b4d1-427a-8c56-fc6172636360,38.4246,3.2655,11
437,524,-143.4115,38.4246,13.3062,32.5141,59aaf1e7-b4d1-427a-8c56-fc6172636360,38.4246,3.2655,11
438,484,-144.6625,38.4246,9.5169,31.7418,59aaf1e7-b4d1-427a-8c56-fc6172636360,38.4246,3.2655,11
439,484,-153.0385,38.4246,12.2712,31.9106,59aaf1e7-b4d1-427a-8c56-fc6172636360,38.4246,3.2655,11
440,494,-156.6748,38.4246,10.9624,33.6355,59aaf1e7-b4d1-427a-8c56-fc6172636360,38.4246,3.2655,11
441,213,-166.1014,38.4246,-22.1236,29.5285,59aaf1e7-b4d1-427a-8c56-fc6172636360,38.4246,3.2655,11
442,501,-148.9663,38.4246,13.4596,32.6401,59aaf1e7-b4d1-427a-8c56-fc6172636360,38.4246,3.2655,11
443,485,-150.4404,38.4246,11.7312,32.8885,59aaf1e7-b4d1-427a-8c56-fc6172636360,38.4246,3.2655,11
444,463,-141.6192,38.4246,8.6101,32.123,59aaf1e7-b4d1-427a-8c56-fc6172636360,38.4246,3.2655,11
445,497,-144.7849,38.4246,11.2437,32.0407,59aaf1e7-b4d1-427a-8c56-fc6172636360,38.4246,3.2655,11
446,289,-163.0108,38.4246,-18.507,33.0213,59aaf1e7-b4d1-427a-8c56-fc6172636360,38.4246,3.2655,11
447,505,-174.4382,38.4246,12.7769,33.6048,59aaf1e7-b4d1-427a-8c56-fc6172636360,38.4246,3.2655,11
448,490,-139.5348,38.4246,11.9231,34.0523,59aaf1e7-b4d1-427a-8c56-fc6172636360,38.4246,3.2655,11
449,471,-155.2979,38.4246,8.9899,33.1106,59aaf1e7-b4d1-427a-8c56-fc6172636360,38.4246,3.2655,11
450,528,-158.685,38.4246,15.1205,33.4285,59aaf1e7-b4d1-427a-8c56-fc6172636360,38.4246,3.2655,11
451,233,-145.7267,38.4246,-20.3331,30.8107,59aaf1e7-b4d1-427a-8c56-fc6172636360,38.4246,3.2655,11
452,476,-144.7242,38.4246,10.3647,34.6554,59aaf1e7-b4d1-427a-8c56-fc6172636360,38.4246,3.2655,11
453,493,-137.5442,38.4246,12.196,33.5547,59aaf1e7-b4d1-427a-8c56-fc6172636360,38.4246,3.2655,11
454,521,-141.3055,38.4246,14.8257,31.9238,59aaf1e7-b4d1-427a-8c56-fc6172636360,38.4246,3.2655,11
455,479,-150.3174,38.4246,11.6115,34.5737,59aaf1e7-b4d1-427a-8c56-fc6172636360,38.4246,3.2655,11
456,256,-143.4853,38.4246,-19.4441,32.3421,59aaf1e7-b4d1-427a-8c56-fc6172636360,38.4246,3.2655,11
457,439,-144.0325,38.4246,9.0837,32.535,59aaf1e7-b4d1-427a-8c56-fc6172636360,38.4246,3.2655,11
458,464,-142.6376,38.4246,12.1825,32.8623,59aaf1e7-b4d1-427a-8c56-fc6172636360,38.4246,3.2655,11
459,446,-146.6791,38.4246,13.0112,35.4798,59aaf1e7-b4d1-427a-8c56-fc6172636360,38.4246,3.2655,11
460,430,-141.8654,38.4246,10.1659,33.034,59aaf1e7-b4d1-427a-8c56-fc6172636360,38.4246,3.2655,11
461,242,-147.1873,38.4246,-18.1557,32.2962,59aaf1e7-b4d1-427a-8c56-fc6172636360,38.4246,3.2655,11
462,463,-143.9969,38.4246,14.0051,32.4276,59aaf1e7-b4d1-427a-8c56-fc6172636360,38.4246,3.2655,11
463,464,-137.9388,38.4246,17.4418,35.0491,59aaf1e7-b4d1-427a-8c56-fc6172636360,38.4246,3.2655,11
464,453,-142.4053,38.4246,11.9155,34.2457,59aaf1e7-b4d1-427a-8c56-fc6172636360,38.4246,3.2655,11
465,464,-141.7039,38.4246,12.795,37.6471,59aaf1e7-b4d1-427a-8c56-fc6172636360,38.4246,3.2655,11
466,233,-149.7926,38.4246,-19.9272,32.1045,59aaf1e7-b4d1-427a-8c56-fc6172636360,38.4246,3.2655,11
467,455,-139.0382,38.4246,12.0387,32.3248,59aaf1e7-b4d1-427a-8c56-fc6172636360,38.4246,3.2655,11
468,428,-141.0376,38.4246,12.4858,31.3821,59aaf1e7-b4d1-427a-8c56-fc6172636360,38.4246,3.2655,11
469,409,-141.7219,38.4246,11.8588,34.0307,59aaf1e7-b4d1-427a-8c56-fc6172636360,38.4246,3.2655,11
470,411,-139.1068,38.4246,11.8713,33.1742,59aaf1e7-b4d1-427a-8c56-fc6172636360,38.4246,3.2655,11
471,230,-153.1176,38.4246,-15.8152,33.8856,59aaf1e7-b4d1-427a-8c56-fc6172636360,38.4246,3.2655,11
472,418,-144.5573,38.4246,11.7508,33.4687,59aaf1e7-b4d1-427a-8c56-fc6172636360,38.4246,3.2655,11
473,393,-143.7659,38.4246,8.8364,33.0455,59aaf1e7-b4d1-427a-8c56-fc6172636360,38.4246,3.2655,11
474,385,-149.8458,38.4246,10.8416,34.2993,59aaf1e7-b4d1-427a-8c56-fc6172636360,38.4246,3.2655,11
475,425,-138.172,38.4246,16.8645,35.1162,59aaf1e7-b4d1-427a-8c56-fc6172636360,38.4246,3.2655,11
476,179,-157.6125,38.4246,-22.0271,31.2424,59aaf1e7-b4d1-427a-8c56-fc6172636360,38.4246,3.2655,11
477,391,-158.5924,38.4246,13.7952,31.8383,59aaf1e7-b4d1-427a-8c56-fc6172636360,38.4246,3.2655,11
478,395,-155.8895,38.4246,14.3374,30.9525,59aaf1e7-b4d1-427a-8c56-fc6172636360,38.4246,3.2655,11
479,380,-150.3888,38.4246,11.0513,34.1381,59aaf1e7-b4d1-427a-8c56-fc6172636360,38.4246,3.2655,11
480,399,-143.2366,38.4246,11.3827,35.1716,59aaf1e7-b4d1-427a-8c56-fc6172636360,38.4246,3.2655,11
481,231,-155.9176,38.4246,-15.7975,29.5865,59aaf1e7-b4d1-427a-8c56-fc6172636360,38.4246,3.2655,11
482,408,-145.6023,38.4246,13.7337,35.6276,59aaf1e7-b4d1-427a-8c56-fc6172636360,38.4246,3.2655,11
483,398,-168.5161,38.4246,10.9391,33.185,59aaf1e7-b4d1-427a-8c56-fc6172636360,38.4246,3.2655,11
484,420,-140.0101,38.4246,15.2174,34.9149,59aaf1e7-b4d1-427a-8c56-fc6172636360,38.4246,3.2655,11
485,403,-139.8712,38.4246,13.8354,31.9732,59aaf1e7-b4d1-427a-8c56-fc6172636360,38.4246,3.2655,11
486,248,-168.0884,38.4246,-14.299,33.7529,59aaf1e7-b4d1-427a-8c56-fc6172636360,38.4246,3.2655,11
487,388,-142.2202,38.4246,11.9124,32.444,59aaf1e7-b4d1-427a-8c56-fc6172636360,38.4246,3.2655,11
488,383,-147.9296,38.4246,14.1438,32.8324,59aaf1e7-b4d1-427a-8c56-fc6172636360,38.4246,3.2655,11
489,383,-146.2903,38.4246,15.0946,36.0841,59aaf1e7-b4d1-427a-8c56-fc6172636360,38.4246,3.2655,11
490,359,-155.4077,38.4246,11.2332,33.2716,59aaf1e7-b4d1-427a-8c56-fc6172636360,38.4246,3.2655,11
491,187,-146.7866,38.4246,-15.7113,32.0088,59aaf1e7-b4d1-427a-8c56-fc6172636360,38.4246,3.2655,11
492,336,-140.4992,38.4246,13.4653,33.8267,59aaf1e7-b4d1-427a-8c56-fc6172636360,38.4246,3.2655,11
493,356,-141.6614,38.4246,14.6653,32.9746,59aaf1e7-b4d1-427a-8c56-fc6172636360,38.4246,3.2655,11
494,312,-142.5501,38.4246,11.6364,32.3952,59aaf1e7-b4d1-427a-8c56-fc6172636360,38.4246,3.2655,11
495,295,-150.9428,38.4246,9.5579,32.9123,59aaf1e7-b4d1-427a-8c56-fc6172636360,38.4246,3.2655,11
496,175,-145.2849,38.4246,-16.2046,34.863,59aaf1e7-b4d1-427a-8c56-fc6172636360,38.4246,3.2655,11
497,305,-142.0339,38.4246,10.005,33.2258,59aaf1e7-b4d1-427a-8c56-fc6172636360,38.4246,3.2655,11
498,295,-146.9601,38.4246,8.8368,31.5261,59aaf1e7-b4d1-427a-8c56-fc6172636360,38.4246,3.2655,11
499,321,-145.4608,38.4246,14.5805,34.5409,59aaf1e7-b4d1-427a-8c56-fc6172636360,38.4246,3.2655,11
