gen,tpg-gen,gen-time,fit-min,fit-max,fit-avg,gen-max,champ-id,champ-mean,champ-std,champ-teams,champ-learners,champ-bid-inst,champ-act-inst,champ-real-acts,pop-roots,pop-teams,pop-learners,hh-learners-rem,hh-teams-affected,b-teams,b-learners,b-teams-new,b-learners-new
0,0,383,-217.5198,-22.2189,-114.5223,-22.2189,6986207b-e471-45a4-bc37-6386e129e898,-22.2189,3.5789,1,2,45,53,2,360,360,720,-1,-1,0,0,0,0
1,1,231,-150.2782,-7.2189,-104.9722,-7.2189,3cd9c253-50fe-4eed-a063-8b0103dae327,-7.2189,2.5537,2,5,275,108,4,360,409,726,-1,-1,0,0,0,0
2,2,295,-133.1593,-7.2189,-99.2172,-27.0296,3cd9c253-50fe-4eed-a063-8b0103dae327,-7.2189,2.5537,2,5,275,108,4,360,442,808,-1,-1,0,0,0,0
3,3,293,-140.1323,-7.2189,-92.9872,-21.4011,3cd9c253-50fe-4eed-a063-8b0103dae327,-7.2189,2.5537,2,5,275,108,4,360,449,827,-1,-1,0,0,0,0
4,4,341,-190.005,0.4035,-86.1226,0.4035,45b905e7-fe9c-4acf-9e7f-fdd59286e16c,0.4035,3.4177,1,2,64,109,2,360,451,835,-1,-1,0,0,0,0
5,5,413,-197.9526,0.4035,-80.0853,0.2885,45b905e7-fe9c-4acf-9e7f-fdd59286e16c,0.4035,3.4177,1,2,64,109,2,360,462,912,-1,-1,0,0,0,0
6,6,382,-122.7451,0.4035,-72.5821,-1.6232,45b905e7-fe9c-4acf-9e7f-fdd59286e16c,0.4035,3.4177,1,2,64,109,2,360,458,892,-1,-1,0,0,0,0
7,7,449,-130.5027,1.1144,-63.3203,1.1144,73c52b0e-1545-4ce5-9401-9b78b84e936d,1.1144,0.9005,1,2,96,74,2,360,449,859,-1,-1,0,0,0,0
8,8,500,-163.8347,7.8046,-57.4481,7.8046,ec6c2acb-3dea-44af-a8a7-4d7c8a681499,7.8046,4.9054,1,3,266,81,3,360,463,913,-1,-1,0,0,0,0
9,9,466,-155.2033,7.8046,-50.8365,3.1873,ec6c2acb-3dea-44af-a8a7-4d7c8a681499,7.8046,4.9054,1,3,266,81,3,361,472,908,-1,-1,0,0,0,0
10,10,478,-202.1092,12.8577,-39.5474,12.8577,841ebceb-71cb-4e39-a869-5bb6246cc61d,12.8577,6.6331,2,6,525,204,5,361,459,858,-1,-1,0,0,0,0
11,11,462,-169.4672,17.6972,-52.0275,17.6972,7f067d3c-1f1d-4f6f-9d57-64fd05838fc9,17.6972,4.4388,2,5,418,64,4,361,495,1144,-1,-1,0,0,0,0
12,12,468,-148.9338,17.6972,-32.7116,6.0508,7f067d3c-1f1d-4f6f-9d57-64fd05838fc9,17.6972,4.4388,2,5,418,64,4,360,475,969,-1,-1,0,0,0,0
13,13,460,-164.1623,25.775,-30.2093,25.775,bba2362a-cd8b-44d2-8fd9-043866231adb,25.775,3.1646,1,2,174,31,2,360,462,916,-1,-1,0,0,0,0
14,14,507,-130.6757,25.775,-28.1038,14.6776,bba2362a-cd8b-44d2-8fd9-043866231adb,25.775,3.1646,1,2,174,31,2,360,464,922,-1,-1,0,0,0,0
15,15,477,-137.2762,25.775,-25.2423,19.4811,bba2362a-cd8b-44d2-8fd9-043866231adb,25.775,3.1646,1,2,174,31,2,360,467,933,-1,-1,0,0,0,0
16,16,339,-162.7194,25.775,-43.5587,14.0905,bba2362a-cd8b-44d2-8fd9-043866231adb,25.775,3.1646,1,2,174,31,2,360,484,1117,-1,-1,0,0,0,0
17,17,468,-132.5157,25.775,-21.9811,18.8062,bba2362a-cd8b-44d2-8fd9-043866231adb,25.775,3.1646,1,2,174,31,2,361,474,931,-1,-1,0,0,0,0
18,18,468,-156.8811,25.775,-20.7233,18.0127,bba2362a-cd8b-44d2-8fd9-043866231adb,25.775,3.1646,1,2,174,31,2,360,463,942,-1,-1,0,0,0,0
19,19,470,-124.8462,25.775,-19.7139,17.5171,bba2362a-cd8b-44d2-8fd9-043866231adb,25.775,3.1646,1,2,174,31,2,360,459,917,-1,-1,0,0,0,0
20,20,498,-124.7938,27.2314,-18.8469,27.2314,700f50d8-2736-4749-aaf7-e1a44ece2706,27.2314,4.5779,1,2,174,31,2,360,459,947,-1,-1,0,0,0,0
21,21,389,-164.1138,27.2314,-39.7459,26.5943,700f50d8-2736-4749-aaf7-e1a44ece2706,27.2314,4.5779,1,2,174,31,2,360,491,1193,-1,-1,0,0,0,0
22,22,447,-170.9232,28.364,-16.4695,28.364,6ed57f27-f43a-42a3-a527-bab9c579e7bf,28.364,0.8346,1,2,172,31,2,360,480,1030,-1,-1,0,0,0,0
23,23,461,-154.918,29.7834,-13.6998,29.7834,1612d604-cd61-4b66-9831-a0fcf7041710,29.7834,2.2101,1,3,248,39,3,360,464,976,-1,-1,0,0,0,0
24,24,531,-120.8409,29.7834,-17.0635,29.0921,1612d604-cd61-4b66-9831-a0fcf7041710,29.7834,2.2101,1,3,248,39,3,360,477,1001,-1,-1,0,0,0,0
25,25,455,-145.5185,29.7834,-14.2322,29.5229,1612d604-cd61-4b66-9831-a0fcf7041710,29.7834,2.2101,1,3,248,39,3,361,477,1021,-1,-1,0,0,0,0
26,26,473,-158.945,29.7834,-35.0754,27.431,1612d604-cd61-4b66-9831-a0fcf7041710,29.7834,2.2101,1,3,248,39,3,361,507,1294,-1,-1,0,0,0,0
27,27,418,-118.6951,29.7834,-7.9191,24.1383,1612d604-cd61-4b66-9831-a0fcf7041710,29.7834,2.2101,1,3,248,39,3,361,474,1052,-1,-1,0,0,0,0
28,28,574,-117.6449,29.7834,-5.8508,29.5633,1612d604-cd61-4b66-9831-a0fcf7041710,29.7834,2.2101,1,3,248,39,3,361,474,1023,-1,-1,0,0,0,0
29,29,584,-172.7051,30.4554,-5.3201,30.4554,3ad09343-f972-40f6-b44a-0f77a63a8537,30.4554,5.2385,6,15,1187,176,10,361,484,1015,-1,-1,0,0,0,0
30,30,574,-145.4127,31.0986,-4.127,31.0986,95f5aaa2-818e-4a20-8a6c-ab37a9a1124e,31.0986,2.3654,6,15,1187,176,10,360,480,973,-1,-1,0,0,0,0
31,31,536,-132.7552,31.0986,-29.9226,29.8952,95f5aaa2-818e-4a20-8a6c-ab37a9a1124e,31.0986,2.3654,6,15,1187,176,10,360,523,1295,-1,-1,0,0,0,0
32,32,525,-124.8175,31.2673,-7.1717,31.2673,e7db71a0-9690-4686-94a1-79f1fea4a97d,31.2673,2.0078,2,6,497,69,5,361,517,1143,-1,-1,0,0,0,0
33,33,528,-144.614,34.2591,-3.4302,34.2591,552a17f4-8631-4f1b-ae41-0d43fd9b6700,34.2591,2.692,3,7,573,68,5,360,506,1096,-1,-1,0,0,0,0
34,34,558,-155.4097,34.2591,-0.1149,32.5184,552a17f4-8631-4f1b-ae41-0d43fd9b6700,34.2591,2.692,3,7,573,68,5,360,504,1072,-1,-1,0,0,0,0
35,35,459,-127.207,34.2591,2.9294,31.8679,552a17f4-8631-4f1b-ae41-0d43fd9b6700,34.2591,2.692,3,7,573,68,5,360,475,989,-1,-1,0,0,0,0
36,36,496,-140.1571,34.2591,-26.197,33.4378,552a17f4-8631-4f1b-ae41-0d43fd9b6700,34.2591,2.692,3,7,573,68,5,361,521,1277,-1,-1,0,0,0,0
37,37,487,-128.46,34.2591,0.5719,32.367,552a17f4-8631-4f1b-ae41-0d43fd9b6700,34.2591,2.692,3,7,573,68,5,361,516,1086,-1,-1,0,0,0,0
38,38,451,-122.8624,34.2591,6.6531,33.8111,552a17f4-8631-4f1b-ae41-0d43fd9b6700,34.2591,2.692,3,7,573,68,5,361,490,999,-1,-1,0,0,0,0
39,39,503,-123.5382,34.2591,6.3004,34.2361,552a17f4-8631-4f1b-ae41-0d43fd9b6700,34.2591,2.692,3,7,573,68,5,361,483,1025,-1,-1,0,0,0,0
40,40,544,-142.2363,34.2591,2.3181,33.8711,552a17f4-8631-4f1b-ae41-0d43fd9b6700,34.2591,2.692,3,7,573,68,5,361,495,1052,-1,-1,0,0,0,0
41,41,381,-123.2858,34.2591,-20.5794,32.1976,552a17f4-8631-4f1b-ae41-0d43fd9b6700,34.2591,2.692,3,7,573,68,5,361,512,1214,-1,-1,0,0,0,0
42,42,504,-179.4822,35.6498,7.9014,35.6498,18037f9e-e277-4989-9d8e-242db3631efa,35.6498,8.8563,3,7,615,91,5,361,499,1053,-1,-1,0,0,0,0
43,43,512,-121.8158,36.2648,6.0157,36.2648,44a57943-ecc2-47ee-a788-a009b35e23c9,36.2648,1.612,1,3,272,60,3,360,490,1037,-1,-1,0,0,0,0
44,44,588,-119.6355,36.3091,5.1707,36.3091,e9bd7f93-1104-4977-b639-1eb406fa1c01,36.3091,4.9014,2,5,442,83,4,360,501,1071,-1,-1,0,0,0,0
45,45,544,-121.1328,36.3091,7.5407,34.0869,e9bd7f93-1104-4977-b639-1eb406fa1c01,36.3091,4.9014,2,5,442,83,4,360,500,1088,-1,-1,0,0,0,0
46,46,392,-120.9972,36.3091,-20.2543,33.4238,e9bd7f93-1104-4977-b639-1eb406fa1c01,36.3091,4.9014,2,5,442,83,4,360,526,1317,-1,-1,0,0,0,0
47,47,492,-120.9657,36.3091,8.4856,34.3492,e9bd7f93-1104-4977-b639-1eb406fa1c01,36.3091,4.9014,2,5,442,83,4,360,514,1136,-1,-1,0,0,0,0
48,48,598,-152.4757,36.3091,11.8675,35.5464,e9bd7f93-1104-4977-b639-1eb406fa1c01,36.3091,4.9014,2,5,442,83,4,360,520,1158,-1,-1,0,0,0,0
49,49,529,-120.2764,36.6323,10.5117,36.6323,cfba1bf8-de2a-47d0-bb29-09556d85682c,36.6323,2.9378,1,3,273,61,3,360,511,1156,-1,-1,0,0,0,0
50,50,538,-120.7004,38.6818,9.2522,38.6818,bf086d77-c0d4-4072-b129-caf9cfabf967,38.6818,1.4482,1,3,272,61,3,360,517,1191,-1,-1,0,0,0,0
51,51,446,-145.1086,38.6818,-22.0645,33.3711,bf086d77-c0d4-4072-b129-caf9cfabf967,38.6818,1.4482,1,3,272,61,3,360,554,1465,-1,-1,0,0,0,0
52,52,475,-127.918,38.6818,7.5605,35.7812,bf086d77-c0d4-4072-b129-caf9cfabf967,38.6818,1.4482,1,3,272,61,3,360,537,1276,-1,-1,0,0,0,0
53,53,506,-121.6946,38.6818,10.1886,36.8371,bf086d77-c0d4-4072-b129-caf9cfabf967,38.6818,1.4482,1,3,272,61,3,360,526,1253,-1,-1,0,0,0,0
54,54,562,-128.9329,38.6818,7.0178,37.7467,bf086d77-c0d4-4072-b129-caf9cfabf967,38.6818,1.4482,1,3,272,61,3,361,540,1287,-1,-1,0,0,0,0
55,55,530,-156.2337,38.6818,9.7289,35.4916,bf086d77-c0d4-4072-b129-caf9cfabf967,38.6818,1.4482,1,3,272,61,3,360,533,1258,-1,-1,0,0,0,0
56,56,394,-120.2112,38.6818,-12.1224,36.6529,bf086d77-c0d4-4072-b129-caf9cfabf967,38.6818,1.4482,1,3,272,61,3,360,541,1413,-1,-1,0,0,0,0
57,57,540,-121.4865,43.1994,12.0527,43.1994,5c150729-ee9e-4d90-ae23-87b8b3b34597,43.1994,2.5351,3,8,666,98,6,360,533,1289,-1,-1,0,0,0,0
58,58,477,-120.7539,43.1994,8.8553,35.1914,5c150729-ee9e-4d90-ae23-87b8b3b34597,43.1994,2.5351,3,8,666,98,6,360,527,1272,-1,-1,0,0,0,0
59,59,558,-121.5192,43.1994,14.3952,37.6736,5c150729-ee9e-4d90-ae23-87b8b3b34597,43.1994,2.5351,3,8,666,98,6,360,523,1273,-1,-1,0,0,0,0
60,60,562,-120.8936,43.1994,13.5562,40.0455,5c150729-ee9e-4d90-ae23-87b8b3b34597,43.1994,2.5351,3,8,666,98,6,360,519,1254,-1,-1,0,0,0,0
61,61,423,-126.0364,43.1994,-22.7831,39.1118,5c150729-ee9e-4d90-ae23-87b8b3b34597,43.1994,2.5351,3,8,666,98,6,361,554,1502,-1,-1,0,0,0,0
62,62,512,-143.553,43.1994,11.9381,40.7622,5c150729-ee9e-4d90-ae23-87b8b3b34597,43.1994,2.5351,3,8,666,98,6,361,537,1347,-1,-1,0,0,0,0
63,63,556,-125.0543,43.1994,12.8695,39.2736,5c150729-ee9e-4d90-ae23-87b8b3b34597,43.1994,2.5351,3,8,666,98,6,360,532,1318,-1,-1,0,0,0,0
64,64,578,-119.8933,43.1994,13.4172,40.2455,5c150729-ee9e-4d90-ae23-87b8b3b34597,43.1994,2.5351,3,8,666,98,6,360,532,1317,-1,-1,0,0,0,0
65,65,540,-132.0853,43.3794,12.5559,43.3794,0e1c0957-5870-4f3f-b8d5-17c44ecbe9c6,43.3794,3.436,5,14,1236,192,10,360,525,1277,-1,-1,0,0,0,0
66,66,431,-152.2829,43.3794,-28.451,38.988,0e1c0957-5870-4f3f-b8d5-17c44ecbe9c6,43.3794,3.436,5,14,1236,192,10,360,574,1583,-1,-1,0,0,0,0
67,67,427,-122.7788,43.3794,10.923,41.9361,0e1c0957-5870-4f3f-b8d5-17c44ecbe9c6,43.3794,3.436,5,14,1236,192,10,360,544,1335,-1,-1,0,0,0,0
68,68,481,-121.063,43.3794,13.1406,39.0293,0e1c0957-5870-4f3f-b8d5-17c44ecbe9c6,43.3794,3.436,5,14,1236,192,10,360,526,1281,-1,-1,0,0,0,0
69,69,577,-124.8842,43.3794,12.6274,41.8525,0e1c0957-5870-4f3f-b8d5-17c44ecbe9c6,43.3794,3.436,5,14,1236,192,10,360,530,1286,-1,-1,0,0,0,0
70,70,483,-132.7745,43.4243,9.1561,43.4243,bda3f186-62a3-464e-b27a-f898855d0067,43.4243,2.562,1,4,356,65,4,360,524,1276,-1,-1,0,0,0,0
71,71,456,-159.3915,43.4243,-18.6315,37.1094,bda3f186-62a3-464e-b27a-f898855d0067,43.4243,2.562,1,4,356,65,4,361,554,1516,-1,-1,0,0,0,0
72,72,467,-126.1214,43.752,11.7594,43.752,509eff00-4817-4baf-93dd-29fc27c8b8e8,43.752,3.8382,3,8,665,98,6,360,532,1337,-1,-1,0,0,0,0
73,73,516,-125.1203,43.752,10.8427,41.2889,509eff00-4817-4baf-93dd-29fc27c8b8e8,43.752,3.8382,3,8,665,98,6,360,531,1323,-1,-1,0,0,0,0
74,74,486,-122.679,43.8918,8.6397,43.8918,4244666a-8984-4d54-a119-57974b9b82b5,43.8918,4.886,6,19,1644,231,14,360,525,1288,-1,-1,0,0,0,0
75,75,506,-131.7424,43.8918,4.686,42.1637,4244666a-8984-4d54-a119-57974b9b82b5,43.8918,4.886,6,19,1644,231,14,360,532,1304,-1,-1,0,0,0,0
76,76,406,-127.7508,43.8918,-14.1911,40.9978,4244666a-8984-4d54-a119-57974b9b82b5,43.8918,4.886,6,19,1644,231,14,360,544,1448,-1,-1,0,0,0,0
77,77,452,-121.1541,43.8918,13.6395,42.6023,4244666a-8984-4d54-a119-57974b9b82b5,43.8918,4.886,6,19,1644,231,14,360,524,1246,-1,-1,0,0,0,0
78,78,553,-123.8128,44.191,10.5958,44.191,eea6899b-09d0-4a67-9353-a96153d49eee,44.191,5.1702,4,13,1126,179,10,360,529,1287,-1,-1,0,0,0,0
79,79,535,-123.333,44.191,12.5849,42.3306,eea6899b-09d0-4a67-9353-a96153d49eee,44.191,5.1702,4,13,1126,179,10,361,528,1327,-1,-1,0,0,0,0
80,80,516,-127.1502,44.191,10.0719,42.8065,eea6899b-09d0-4a67-9353-a96153d49eee,44.191,5.1702,4,13,1126,179,10,360,528,1325,-1,-1,0,0,0,0
81,81,423,-149.9773,44.191,-17.4635,41.7588,eea6899b-09d0-4a67-9353-a96153d49eee,44.191,5.1702,4,13,1126,179,10,360,552,1544,-1,-1,0,0,0,0
82,82,492,-125.8059,44.191,16.2637,42.3534,eea6899b-09d0-4a67-9353-a96153d49eee,44.191,5.1702,4,13,1126,179,10,361,533,1349,-1,-1,0,0,0,0
83,83,439,-121.8831,44.191,8.5233,43.2115,eea6899b-09d0-4a67-9353-a96153d49eee,44.191,5.1702,4,13,1126,179,10,360,523,1330,-1,-1,0,0,0,0
84,84,562,-121.2104,44.191,11.5495,42.6905,eea6899b-09d0-4a67-9353-a96153d49eee,44.191,5.1702,4,13,1126,179,10,360,529,1322,-1,-1,0,0,0,0
85,85,517,-126.6091,44.191,10.7833,43.1683,eea6899b-09d0-4a67-9353-a96153d49eee,44.191,5.1702,4,13,1126,179,10,360,524,1343,-1,-1,0,0,0,0
86,86,399,-125.395,44.191,-14.5173,41.4991,eea6899b-09d0-4a67-9353-a96153d49eee,44.191,5.1702,4,13,1126,179,10,360,547,1531,-1,-1,0,0,0,0
87,87,469,-126.4694,44.191,10.1654,42.5003,eea6899b-09d0-4a67-9353-a96153d49eee,44.191,5.1702,4,13,1126,179,10,361,540,1394,-1,-1,0,0,0,0
88,88,480,-132.4957,44.191,11.284,43.5836,eea6899b-09d0-4a67-9353-a96153d49eee,44.191,5.1702,4,13,1126,179,10,360,527,1361,-1,-1,0,0,0,0
89,89,488,-122.2251,44.6903,9.2856,44.6903,cad7389c-2b28-4c6b-b893-b21ebca01cbb,44.6903,3.2325,2,7,601,75,6,360,527,1342,-1,-1,0,0,0,0
90,90,452,-143.3759,44.6903,6.6739,42.952,cad7389c-2b28-4c6b-b893-b21ebca01cbb,44.6903,3.2325,2,7,601,75,6,360,526,1366,-1,-1,0,0,0,0
91,91,360,-121.2424,44.6903,-17.4436,39.8707,cad7389c-2b28-4c6b-b893-b21ebca01cbb,44.6903,3.2325,2,7,601,75,6,361,543,1559,-1,-1,0,0,0,0
92,92,486,-122.8485,44.6903,11.5333,43.0071,cad7389c-2b28-4c6b-b893-b21ebca01cbb,44.6903,3.2325,2,7,601,75,6,360,535,1425,-1,-1,0,0,0,0
93,93,539,-123.1633,44.6903,15.2141,44.4404,cad7389c-2b28-4c6b-b893-b21ebca01cbb,44.6903,3.2325,2,7,601,75,6,360,539,1429,-1,-1,0,0,0,0
94,94,475,-132.7073,44.6903,15.1638,43.7383,cad7389c-2b28-4c6b-b893-b21ebca01cbb,44.6903,3.2325,2,7,601,75,6,361,522,1382,-1,-1,0,0,0,0
95,95,545,-129.8493,44.6903,9.6067,43.2599,cad7389c-2b28-4c6b-b893-b21ebca01cbb,44.6903,3.2325,2,7,601,75,6,361,534,1422,-1,-1,0,0,0,0
96,96,331,-147.0924,44.6903,-4.3381,41.8015,cad7389c-2b28-4c6b-b893-b21ebca01cbb,44.6903,3.2325,2,7,601,75,6,360,522,1510,-1,-1,0,0,0,0
97,97,502,-123.0355,44.6903,11.5311,43.771,cad7389c-2b28-4c6b-b893-b21ebca01cbb,44.6903,3.2325,2,7,601,75,6,361,519,1379,-1,-1,0,0,0,0
98,98,557,-123.4941,44.6903,9.5927,43.3721,cad7389c-2b28-4c6b-b893-b21ebca01cbb,44.6903,3.2325,2,7,601,75,6,360,532,1420,-1,-1,0,0,0,0
99,99,520,-131.9345,44.6903,12.9687,43.8086,cad7389c-2b28-4c6b-b893-b21ebca01cbb,44.6903,3.2325,2,7,601,75,6,360,536,1426,-1,-1,0,0,0,0
100,100,512,-123.6122,44.6903,11.9891,44.0482,cad7389c-2b28-4c6b-b893-b21ebca01cbb,44.6903,3.2325,2,7,601,75,6,360,534,1422,-1,-1,0,0,0,0
101,101,367,-139.9928,44.6903,-16.3956,41.4946,cad7389c-2b28-4c6b-b893-b21ebca01cbb,44.6903,3.2325,2,7,601,75,6,360,555,1638,-1,-1,0,0,0,0
102,102,574,-121.2988,44.6903,13.9553,42.3131,cad7389c-2b28-4c6b-b893-b21ebca01cbb,44.6903,3.2325,2,7,601,75,6,360,558,1500,-1,-1,0,0,0,0
103,103,506,-221.8919,44.6903,16.495,44.3289,cad7389c-2b28-4c6b-b893-b21ebca01cbb,44.6903,3.2325,2,7,601,75,6,360,544,1488,-1,-1,0,0,0,0
104,104,449,-122.2279,44.6903,9.7083,44.552,cad7389c-2b28-4c6b-b893-b21ebca01cbb,44.6903,3.2325,2,7,601,75,6,360,537,1489,-1,-1,0,0,0,0
105,105,549,-137.636,45.0669,13.6503,45.0669,d3278be0-3b21-425c-a498-2c496a971a52,45.0669,4.979,2,7,627,101,6,360,540,1450,-1,-1,0,0,0,0
106,106,425,-146.7014,45.0669,-16.0431,38.0568,d3278be0-3b21-425c-a498-2c496a971a52,45.0669,4.979,2,7,627,101,6,360,566,1676,-1,-1,0,0,0,0
107,107,425,-131.7081,45.9111,15.2475,45.9111,506dbe34-aeb4-4e6d-b7e8-99933bc288a6,45.9111,3.5864,3,11,964,161,9,360,537,1501,-1,-1,0,0,0,0
108,108,517,-192.4581,45.9111,8.6017,45.1326,506dbe34-aeb4-4e6d-b7e8-99933bc288a6,45.9111,3.5864,3,11,964,161,9,360,543,1481,-1,-1,0,0,0,0
109,109,456,-123.4895,45.9111,8.2002,43.0285,506dbe34-aeb4-4e6d-b7e8-99933bc288a6,45.9111,3.5864,3,11,964,161,9,360,539,1486,-1,-1,0,0,0,0
110,110,546,-150.436,45.9111,11.1046,44.0935,506dbe34-aeb4-4e6d-b7e8-99933bc288a6,45.9111,3.5864,3,11,964,161,9,360,550,1496,-1,-1,0,0,0,0
111,111,334,-132.1305,45.9111,-16.5145,39.5532,506dbe34-aeb4-4e6d-b7e8-99933bc288a6,45.9111,3.5864,3,11,964,161,9,361,564,1643,-1,-1,0,0,0,0
112,112,497,-121.9924,46.1228,15.423,46.1228,c4eee293-4c47-417a-afd4-b81b50040346,46.1228,1.2492,3,12,1123,239,10,360,553,1503,-1,-1,0,0,0,0
113,113,448,-123.0767,46.1228,13.7385,44.4953,c4eee293-4c47-417a-afd4-b81b50040346,46.1228,1.2492,3,12,1123,239,10,361,535,1445,-1,-1,0,0,0,0
114,114,524,-145.8767,46.1228,16.8623,44.8887,c4eee293-4c47-417a-afd4-b81b50040346,46.1228,1.2492,3,12,1123,239,10,361,526,1432,-1,-1,0,0,0,0
115,115,592,-121.646,46.1228,13.6542,44.4203,c4eee293-4c47-417a-afd4-b81b50040346,46.1228,1.2492,3,12,1123,239,10,361,539,1451,-1,-1,0,0,0,0
116,116,340,-161.0921,46.1228,-21.1089,44.1558,c4eee293-4c47-417a-afd4-b81b50040346,46.1228,1.2492,3,12,1123,239,10,360,562,1627,-1,-1,0,0,0,0
117,117,481,-121.9435,46.1228,13.7978,44.228,c4eee293-4c47-417a-afd4-b81b50040346,46.1228,1.2492,3,12,1123,239,10,360,554,1500,-1,-1,0,0,0,0
118,118,554,-126.0269,46.1228,13.9722,45.9788,c4eee293-4c47-417a-afd4-b81b50040346,46.1228,1.2492,3,12,1123,239,10,360,558,1502,-1,-1,0,0,0,0
119,119,504,-138.2729,46.2611,15.3405,46.2611,a5079c5d-c976-46e3-86fb-c5edb55338c1,46.2611,2.2907,2,7,627,120,6,360,544,1480,-1,-1,0,0,0,0
120,120,483,-139.4242,46.2611,15.5598,44.4151,a5079c5d-c976-46e3-86fb-c5edb55338c1,46.2611,2.2907,2,7,627,120,6,360,529,1415,-1,-1,0,0,0,0
121,121,416,-163.3748,46.2611,-21.3283,42.6792,a5079c5d-c976-46e3-86fb-c5edb55338c1,46.2611,2.2907,2,7,627,120,6,361,565,1631,-1,-1,0,0,0,0
122,122,459,-120.6443,46.2611,13.3611,45.9447,a5079c5d-c976-46e3-86fb-c5edb55338c1,46.2611,2.2907,2,7,627,120,6,360,546,1468,-1,-1,0,0,0,0
123,123,515,-122.0636,46.2611,13.8957,45.8973,a5079c5d-c976-46e3-86fb-c5edb55338c1,46.2611,2.2907,2,7,627,120,6,360,543,1451,-1,-1,0,0,0,0
124,124,473,-131.3904,46.2611,13.9367,43.4026,a5079c5d-c976-46e3-86fb-c5edb55338c1,46.2611,2.2907,2,7,627,120,6,360,531,1430,-1,-1,0,0,0,0
125,125,473,-132.2169,46.2611,9.3173,45.3489,a5079c5d-c976-46e3-86fb-c5edb55338c1,46.2611,2.2907,2,7,627,120,6,361,529,1395,-1,-1,0,0,0,0
126,126,427,-154.3692,46.2611,-16.968,43.1145,a5079c5d-c976-46e3-86fb-c5edb55338c1,46.2611,2.2907,2,7,627,120,6,360,564,1627,-1,-1,0,0,0,0
127,127,491,-123.3821,46.2611,13.7367,44.6685,a5079c5d-c976-46e3-86fb-c5edb55338c1,46.2611,2.2907,2,7,627,120,6,360,550,1489,-1,-1,0,0,0,0
128,128,479,-120.1132,46.2611,17.2719,45.7574,a5079c5d-c976-46e3-86fb-c5edb55338c1,46.2611,2.2907,2,7,627,120,6,360,533,1427,-1,-1,0,0,0,0
129,129,534,-125.5736,46.2611,15.3899,45.6189,a5079c5d-c976-46e3-86fb-c5edb55338c1,46.2611,2.2907,2,7,627,120,6,360,533,1403,-1,-1,0,0,0,0
130,130,537,-119.9005,46.2611,11.4116,45.2745,a5079c5d-c976-46e3-86fb-c5edb55338c1,46.2611,2.2907,2,7,627,120,6,360,538,1406,-1,-1,0,0,0,0
131,131,393,-233.3611,53.6433,-17.9375,53.6433,a5d215ce-ff86-4b3f-be79-8079f1839ab2,53.6433,4.9687,4,15,1418,294,12,360,564,1608,-1,-1,0,0,0,0
132,132,455,-126.9971,53.6433,16.539,45.8988,a5d215ce-ff86-4b3f-be79-8079f1839ab2,53.6433,4.9687,4,15,1418,294,12,361,541,1437,-1,-1,0,0,0,0
133,133,506,-127.6743,53.6433,14.2462,45.2802,a5d215ce-ff86-4b3f-be79-8079f1839ab2,53.6433,4.9687,4,15,1418,294,12,360,536,1407,-1,-1,0,0,0,0
134,134,515,-123.6978,53.6433,19.5229,45.0805,a5d215ce-ff86-4b3f-be79-8079f1839ab2,53.6433,4.9687,4,15,1418,294,12,360,526,1387,-1,-1,0,0,0,0
135,135,570,-177.0596,53.6433,10.7118,47.4043,a5d215ce-ff86-4b3f-be79-8079f1839ab2,53.6433,4.9687,4,15,1418,294,12,360,542,1418,-1,-1,0,0,0,0
136,136,446,-136.6884,53.6433,-12.7003,44.0951,a5d215ce-ff86-4b3f-be79-8079f1839ab2,53.6433,4.9687,4,15,1418,294,12,360,572,1639,-1,-1,0,0,0,0
137,137,422,-121.7436,53.6433,18.5381,44.589,a5d215ce-ff86-4b3f-be79-8079f1839ab2,53.6433,4.9687,4,15,1418,294,12,360,539,1423,-1,-1,0,0,0,0
138,138,467,-178.7921,53.6433,8.7595,48.1866,a5d215ce-ff86-4b3f-be79-8079f1839ab2,53.6433,4.9687,4,15,1418,294,12,360,539,1432,-1,-1,0,0,0,0
139,139,527,-206.7422,53.6433,14.3714,46.7456,a5d215ce-ff86-4b3f-be79-8079f1839ab2,53.6433,4.9687,4,15,1418,294,12,360,536,1417,-1,-1,0,0,0,0
140,140,591,-205.4667,53.6433,17.3911,46.1005,a5d215ce-ff86-4b3f-be79-8079f1839ab2,53.6433,4.9687,4,15,1418,294,12,360,544,1438,-1,-1,0,0,0,0
141,141,451,-166.3812,53.6433,-7.4522,43.8078,a5d215ce-ff86-4b3f-be79-8079f1839ab2,53.6433,4.9687,4,15,1418,294,12,360,557,1578,-1,-1,0,0,0,0
142,142,439,-175.318,53.6433,15.2671,47.9077,a5d215ce-ff86-4b3f-be79-8079f1839ab2,53.6433,4.9687,4,15,1418,294,12,360,533,1383,-1,-1,0,0,0,0
143,143,484,-214.6323,53.6433,18.3938,45.9116,a5d215ce-ff86-4b3f-be79-8079f1839ab2,53.6433,4.9687,4,15,1418,294,12,360,516,1371,-1,-1,0,0,0,0
144,144,527,-202.4903,53.6433,12.6963,48.2422,a5d215ce-ff86-4b3f-be79-8079f1839ab2,53.6433,4.9687,4,15,1418,294,12,360,519,1323,-1,-1,0,0,0,0
145,145,487,-191.8002,53.6433,11.0417,46.957,a5d215ce-ff86-4b3f-be79-8079f1839ab2,53.6433,4.9687,4,15,1418,294,12,360,515,1310,-1,-1,0,0,0,0
146,146,414,-226.1318,53.6433,-17.3677,46.7695,a5d215ce-ff86-4b3f-be79-8079f1839ab2,53.6433,4.9687,4,15,1418,294,12,361,545,1535,-1,-1,0,0,0,0
147,147,524,-125.9336,53.6433,13.328,46.684,a5d215ce-ff86-4b3f-be79-8079f1839ab2,53.6433,4.9687,4,15,1418,294,12,361,540,1402,-1,-1,0,0,0,0
148,148,498,-158.241,53.6433,18.2766,45.0753,a5d215ce-ff86-4b3f-be79-8079f1839ab2,53.6433,4.9687,4,15,1418,294,12,361,526,1346,-1,-1,0,0,0,0
149,149,442,-137.1866,53.6433,13.5261,46.3165,a5d215ce-ff86-4b3f-be79-8079f1839ab2,53.6433,4.9687,4,15,1418,294,12,361,510,1308,-1,-1,0,0,0,0
150,150,524,-182.5187,53.6433,13.8711,46.9891,a5d215ce-ff86-4b3f-be79-8079f1839ab2,53.6433,4.9687,4,15,1418,294,12,361,509,1288,-1,-1,0,0,0,0
151,151,389,-236.6284,53.6433,-17.96,40.8671,a5d215ce-ff86-4b3f-be79-8079f1839ab2,53.6433,4.9687,4,15,1418,294,12,361,536,1506,-1,-1,0,0,0,0
152,152,475,-122.2679,53.6433,18.1438,45.839,a5d215ce-ff86-4b3f-be79-8079f1839ab2,53.6433,4.9687,4,15,1418,294,12,361,520,1342,-1,-1,0,0,0,0
153,153,475,-124.996,53.6433,14.7403,46.5165,a5d215ce-ff86-4b3f-be79-8079f1839ab2,53.6433,4.9687,4,15,1418,294,12,361,511,1298,-1,-1,0,0,0,0
154,154,569,-211.0304,53.6433,14.0833,48.8932,a5d215ce-ff86-4b3f-be79-8079f1839ab2,53.6433,4.9687,4,15,1418,294,12,361,518,1306,-1,-1,0,0,0,0
155,155,502,-127.2123,53.6433,17.2257,46.6894,a5d215ce-ff86-4b3f-be79-8079f1839ab2,53.6433,4.9687,4,15,1418,294,12,361,510,1275,-1,-1,0,0,0,0
156,156,384,-135.9268,53.6433,-13.7571,42.5315,a5d215ce-ff86-4b3f-be79-8079f1839ab2,53.6433,4.9687,4,15,1418,294,12,361,524,1448,-1,-1,0,0,0,0
157,157,492,-121.5287,53.7374,17.491,53.7374,4b21e49a-48b2-4382-9c5c-4364431c0ffb,53.7374,7.1994,1,2,196,55,2,361,509,1305,-1,-1,0,0,0,0
158,158,586,-125.3016,53.7374,16.5137,47.6442,4b21e49a-48b2-4382-9c5c-4364431c0ffb,53.7374,7.1994,1,2,196,55,2,360,521,1315,-1,-1,0,0,0,0
159,159,494,-130.3667,53.7374,19.4072,49.0465,4b21e49a-48b2-4382-9c5c-4364431c0ffb,53.7374,7.1994,1,2,196,55,2,361,510,1266,-1,-1,0,0,0,0
160,160,494,-118.7077,53.7374,11.9065,45.7392,4b21e49a-48b2-4382-9c5c-4364431c0ffb,53.7374,7.1994,1,2,196,55,2,361,512,1264,-1,-1,0,0,0,0
161,161,388,-211.6889,53.7374,-12.3197,44.0161,4b21e49a-48b2-4382-9c5c-4364431c0ffb,53.7374,7.1994,1,2,196,55,2,360,528,1449,-1,-1,0,0,0,0
162,162,499,-128.327,53.7374,17.1069,48.649,4b21e49a-48b2-4382-9c5c-4364431c0ffb,53.7374,7.1994,1,2,196,55,2,361,516,1325,-1,-1,0,0,0,0
163,163,486,-219.9399,53.7374,13.525,47.8608,4b21e49a-48b2-4382-9c5c-4364431c0ffb,53.7374,7.1994,1,2,196,55,2,361,508,1269,-1,-1,0,0,0,0
164,164,486,-122.1808,53.7374,14.7634,51.8996,4b21e49a-48b2-4382-9c5c-4364431c0ffb,53.7374,7.1994,1,2,196,55,2,361,501,1270,-1,-1,0,0,0,0
165,165,478,-134.1519,60.5224,13.3849,60.5224,52e77fc5-4dec-4013-b674-068757c639b2,60.5224,7.252,5,16,1420,233,12,361,502,1259,-1,-1,0,0,0,0
166,166,433,-155.1534,60.5224,-17.5486,48.1911,52e77fc5-4dec-4013-b674-068757c639b2,60.5224,7.252,5,16,1420,233,12,360,536,1479,-1,-1,0,0,0,0
167,167,422,-126.776,60.5224,12.476,49.4381,52e77fc5-4dec-4013-b674-068757c639b2,60.5224,7.252,5,16,1420,233,12,361,515,1315,-1,-1,0,0,0,0
168,168,533,-178.8857,60.5224,14.8779,53.9563,52e77fc5-4dec-4013-b674-068757c639b2,60.5224,7.252,5,16,1420,233,12,360,520,1292,-1,-1,0,0,0,0
169,169,487,-123.8459,60.5224,11.9192,54.0506,52e77fc5-4dec-4013-b674-068757c639b2,60.5224,7.252,5,16,1420,233,12,360,519,1254,-1,-1,0,0,0,0
170,170,551,-198.8,60.5224,12.2802,47.6459,52e77fc5-4dec-4013-b674-068757c639b2,60.5224,7.252,5,16,1420,233,12,360,527,1277,-1,-1,0,0,0,0
171,171,401,-186.8791,60.5224,-10.8518,50.9169,52e77fc5-4dec-4013-b674-068757c639b2,60.5224,7.252,5,16,1420,233,12,360,541,1470,-1,-1,0,0,0,0
172,172,434,-121.0128,60.5224,15.1162,48.7131,52e77fc5-4dec-4013-b674-068757c639b2,60.5224,7.252,5,16,1420,233,12,360,521,1291,-1,-1,0,0,0,0
173,173,523,-130.6499,60.5224,16.2584,55.4074,52e77fc5-4dec-4013-b674-068757c639b2,60.5224,7.252,5,16,1420,233,12,360,514,1235,-1,-1,0,0,0,0
174,174,521,-130.9188,60.5224,14.5285,52.8128,52e77fc5-4dec-4013-b674-068757c639b2,60.5224,7.252,5,16,1420,233,12,360,510,1239,-1,-1,0,0,0,0
175,175,528,-125.0858,66.0318,15.8645,66.0318,0d9ae7d8-8913-4152-8089-b47363385251,66.0318,4.4121,18,62,5548,892,45,361,515,1261,-1,-1,0,0,0,0
176,176,377,-130.2527,66.0318,-9.4505,59.7163,0d9ae7d8-8913-4152-8089-b47363385251,66.0318,4.4121,18,62,5548,892,45,360,529,1416,-1,-1,0,0,0,0
177,177,464,-128.1449,66.0318,13.4501,57.0667,0d9ae7d8-8913-4152-8089-b47363385251,66.0318,4.4121,18,62,5548,892,45,360,520,1267,-1,-1,0,0,0,0
178,178,553,-121.6364,66.8432,16.052,66.8432,527387d1-5c90-460b-8113-78f53c274913,66.8432,5.3444,18,60,5250,755,43,360,527,1257,-1,-1,0,0,0,0
179,179,485,-178.7735,66.8432,15.8765,65.9118,527387d1-5c90-460b-8113-78f53c274913,66.8432,5.3444,18,60,5250,755,43,360,522,1249,-1,-1,0,0,0,0
180,180,496,-135.6778,66.8432,18.1985,63.7477,527387d1-5c90-460b-8113-78f53c274913,66.8432,5.3444,18,60,5250,755,43,360,515,1215,-1,-1,0,0,0,0
181,181,405,-234.215,66.8432,-15.6763,57.3324,527387d1-5c90-460b-8113-78f53c274913,66.8432,5.3444,18,60,5250,755,43,360,545,1441,-1,-1,0,0,0,0
182,182,468,-126.4394,66.8432,20.2097,62.2999,527387d1-5c90-460b-8113-78f53c274913,66.8432,5.3444,18,60,5250,755,43,360,522,1250,-1,-1,0,0,0,0
183,183,479,-124.7667,66.8432,19.7569,66.0844,527387d1-5c90-460b-8113-78f53c274913,66.8432,5.3444,18,60,5250,755,43,360,512,1207,-1,-1,0,0,0,0
184,184,514,-167.2118,67.4303,15.0076,67.4303,1c8c4eb4-7ad8-4a33-acea-845335f71eb0,67.4303,8.4662,18,60,5250,755,43,360,515,1190,-1,-1,0,0,0,0
185,185,505,-125.8067,67.4303,21.0265,66.2491,1c8c4eb4-7ad8-4a33-acea-845335f71eb0,67.4303,8.4662,18,60,5250,755,43,360,507,1152,-1,-1,0,0,0,0
186,186,476,-137.0476,72.9256,-6.4324,72.9256,86027a93-22a9-4fef-a62d-4b8e171abde4,72.9256,8.9596,4,12,1024,155,9,360,539,1385,-1,-1,0,0,0,0
187,187,502,-128.0835,81.2555,25.6312,81.2555,72bcf49c-1476-4684-8c6d-297118cb6219,81.2555,4.8473,1,2,179,36,2,360,530,1209,-1,-1,0,0,0,0
188,188,504,-132.8169,81.2555,30.3653,68.1576,72bcf49c-1476-4684-8c6d-297118cb6219,81.2555,4.8473,1,2,179,36,2,360,521,1166,-1,-1,0,0,0,0
189,189,543,-128.9286,81.2555,38.7739,70.3914,72bcf49c-1476-4684-8c6d-297118cb6219,81.2555,4.8473,1,2,179,36,2,360,503,1159,-1,-1,0,0,0,0
190,190,579,-174.4053,92.7064,32.6287,92.7064,5ea9947c-66d3-4904-8ab1-bd2ec96ae24d,92.7064,6.3186,1,2,178,36,2,360,510,1214,-1,-1,0,0,0,0
191,191,504,-149.1146,92.7064,8.4494,86.1782,5ea9947c-66d3-4904-8ab1-bd2ec96ae24d,92.7064,6.3186,1,2,178,36,2,361,539,1468,-1,-1,0,0,0,0
192,192,480,-171.9945,92.7064,37.7011,80.0549,5ea9947c-66d3-4904-8ab1-bd2ec96ae24d,92.7064,6.3186,1,2,178,36,2,360,516,1257,-1,-1,0,0,0,0
193,193,580,-146.8643,92.7064,39.4687,84.2563,5ea9947c-66d3-4904-8ab1-bd2ec96ae24d,92.7064,6.3186,1,2,178,36,2,360,517,1288,-1,-1,0,0,0,0
194,194,560,-167.6867,92.7064,44.1121,88.8373,5ea9947c-66d3-4904-8ab1-bd2ec96ae24d,92.7064,6.3186,1,2,178,36,2,360,514,1277,-1,-1,0,0,0,0
195,195,576,-120.0097,92.7064,44.4194,87.1894,5ea9947c-66d3-4904-8ab1-bd2ec96ae24d,92.7064,6.3186,1,2,178,36,2,360,513,1251,-1,-1,0,0,0,0
196,196,569,-182.7108,92.7064,15.8911,82.0647,5ea9947c-66d3-4904-8ab1-bd2ec96ae24d,92.7064,6.3186,1,2,178,36,2,360,544,1493,-1,-1,0,0,0,0
197,197,584,-160.3827,93.0081,48.8306,93.0081,eb6d3c4d-55ec-4ad5-a65c-bb59c5a7776e,93.0081,12.3346,1,2,178,36,2,360,531,1330,-1,-1,0,0,0,0
198,198,589,-134.0604,93.0081,44.3612,90.447,eb6d3c4d-55ec-4ad5-a65c-bb59c5a7776e,93.0081,12.3346,1,2,178,36,2,360,530,1336,-1,-1,0,0,0,0
199,199,671,-123.7775,93.0081,49.6575,91.3346,eb6d3c4d-55ec-4ad5-a65c-bb59c5a7776e,93.0081,12.3346,1,2,178,36,2,361,544,1351,-1,-1,0,0,0,0
200,200,590,-157.6987,93.1389,52.1126,93.1389,ff6d35a8-cc0f-441d-a25f-d7e99783e1ac,93.1389,7.0528,1,3,254,41,3,361,548,1348,-1,-1,0,0,0,0
201,201,474,-139.8399,93.1389,21.212,91.3625,ff6d35a8-cc0f-441d-a25f-d7e99783e1ac,93.1389,7.0528,1,3,254,41,3,360,566,1543,-1,-1,0,0,0,0
202,202,525,-171.5871,93.1389,49.2048,89.913,ff6d35a8-cc0f-441d-a25f-d7e99783e1ac,93.1389,7.0528,1,3,254,41,3,360,558,1348,-1,-1,0,0,0,0
203,203,590,-182.0237,94.7083,60.1229,94.7083,ffeca8eb-2322-4f7e-9db3-28cd63ca6be4,94.7083,7.9552,1,3,276,65,3,360,544,1292,-1,-1,0,0,0,0
204,204,631,-138.6913,95.3705,56.5368,95.3705,18f61424-cec0-4c00-9cf3-fd86a7dc30e4,95.3705,4.3571,2,5,453,93,4,360,552,1278,-1,-1,0,0,0,0
205,205,571,-125.0411,97.2097,62.7313,97.2097,5380cdad-d589-4b02-bb94-8a0ace67c627,97.2097,8.1736,7,26,2394,414,20,360,539,1235,-1,-1,0,0,0,0
206,206,588,-136.3816,97.2097,32.3695,93.5492,5380cdad-d589-4b02-bb94-8a0ace67c627,97.2097,8.1736,7,26,2394,414,20,360,560,1460,-1,-1,0,0,0,0
207,207,512,-119.881,97.2097,67.2141,91.935,5380cdad-d589-4b02-bb94-8a0ace67c627,97.2097,8.1736,7,26,2394,414,20,360,532,1222,-1,-1,0,0,0,0
208,208,605,-152.3378,99.8348,61.4298,99.8348,15279359-c790-419b-aebb-b4362acf0c40,99.8348,9.2664,6,21,1898,316,16,361,529,1241,-1,-1,0,0,0,0
209,209,551,-132.3231,99.8348,62.2775,99.0997,15279359-c790-419b-aebb-b4362acf0c40,99.8348,9.2664,6,21,1898,316,16,360,516,1186,-1,-1,0,0,0,0
210,210,553,-130.6817,99.8348,60.7441,94.5452,15279359-c790-419b-aebb-b4362acf0c40,99.8348,9.2664,6,21,1898,316,16,360,512,1170,-1,-1,0,0,0,0
211,211,526,-145.2204,99.8348,23.7098,98.671,15279359-c790-419b-aebb-b4362acf0c40,99.8348,9.2664,6,21,1898,316,16,361,545,1444,-1,-1,0,0,0,0
212,212,555,-129.8918,100.7387,67.8525,100.7387,220c9392-190d-4d57-ad8c-5c92c78565e5,100.7387,7.0329,1,4,337,52,4,360,530,1248,-1,-1,0,0,0,0
213,213,588,-118.0511,100.7387,67.9973,99.2539,220c9392-190d-4d57-ad8c-5c92c78565e5,100.7387,7.0329,1,4,337,52,4,360,524,1247,-1,-1,0,0,0,0
214,214,535,-125.5043,100.7387,64.9341,100.2095,220c9392-190d-4d57-ad8c-5c92c78565e5,100.7387,7.0329,1,4,337,52,4,360,510,1178,-1,-1,0,0,0,0
215,215,615,-163.4944,102.0418,65.8406,102.0418,cc02b3a5-d342-47d8-9357-90d5705a789b,102.0418,12.8241,1,2,179,36,2,360,515,1210,-1,-1,0,0,0,0
216,216,561,-130.6374,102.0418,29.2892,94.5812,cc02b3a5-d342-47d8-9357-90d5705a789b,102.0418,12.8241,1,2,179,36,2,360,545,1456,-1,-1,0,0,0,0
217,217,591,-120.0282,102.0418,72.8281,100.7862,cc02b3a5-d342-47d8-9357-90d5705a789b,102.0418,12.8241,1,2,179,36,2,360,536,1277,-1,-1,0,0,0,0
218,218,572,-136.9974,102.0418,72.1968,99.5932,cc02b3a5-d342-47d8-9357-90d5705a789b,102.0418,12.8241,1,2,179,36,2,360,524,1226,-1,-1,0,0,0,0
219,219,581,-120.9429,102.0418,64.7785,101.7012,cc02b3a5-d342-47d8-9357-90d5705a789b,102.0418,12.8241,1,2,179,36,2,361,525,1213,-1,-1,0,0,0,0
220,220,633,-174.2806,102.0418,70.1678,98.411,cc02b3a5-d342-47d8-9357-90d5705a789b,102.0418,12.8241,1,2,179,36,2,360,532,1208,-1,-1,0,0,0,0
221,221,485,-129.1039,102.0418,27.5415,96.7894,cc02b3a5-d342-47d8-9357-90d5705a789b,102.0418,12.8241,1,2,179,36,2,360,550,1418,-1,-1,0,0,0,0
222,222,513,-170.3175,103.7135,69.7268,103.7135,ec6c2c16-a177-407b-b876-6e5d83a2ce95,103.7135,6.4278,1,3,277,66,3,360,526,1234,-1,-1,0,0,0,0
223,223,588,-119.9721,103.7135,70.2139,99.0991,ec6c2c16-a177-407b-b876-6e5d83a2ce95,103.7135,6.4278,1,3,277,66,3,360,523,1186,-1,-1,0,0,0,0
224,224,619,-124.0457,103.7135,69.1626,102.4558,ec6c2c16-a177-407b-b876-6e5d83a2ce95,103.7135,6.4278,1,3,277,66,3,360,531,1229,-1,-1,0,0,0,0
225,225,590,-123.5048,103.7135,68.4654,102.9291,ec6c2c16-a177-407b-b876-6e5d83a2ce95,103.7135,6.4278,1,3,277,66,3,360,529,1206,-1,-1,0,0,0,0
226,226,503,-127.4959,103.7135,30.6354,100.3175,ec6c2c16-a177-407b-b876-6e5d83a2ce95,103.7135,6.4278,1,3,277,66,3,360,550,1437,-1,-1,0,0,0,0
227,227,541,-122.4177,105.3704,70.7333,105.3704,194b353f-1fd1-4c3f-9ce8-3afeb4a9b441,105.3704,6.2648,5,13,1143,127,9,360,533,1264,-1,-1,0,0,0,0
228,228,576,-120.2798,105.3704,72.8728,101.7955,194b353f-1fd1-4c3f-9ce8-3afeb4a9b441,105.3704,6.2648,5,13,1143,127,9,360,524,1227,-1,-1,0,0,0,0
229,229,590,-126.0489,107.4344,70.9249,107.4344,35f4f96a-00ea-4c31-8f63-550b15c5524b,107.4344,7.687,11,33,2830,382,23,360,516,1215,-1,-1,0,0,0,0
230,230,644,-128.7873,107.4344,66.784,104.9604,35f4f96a-00ea-4c31-8f63-550b15c5524b,107.4344,7.687,11,33,2830,382,23,360,532,1246,-1,-1,0,0,0,0
231,231,483,-133.2231,107.4344,31.5456,102.0099,35f4f96a-00ea-4c31-8f63-550b15c5524b,107.4344,7.687,11,33,2830,382,23,361,555,1492,-1,-1,0,0,0,0
232,232,539,-126.5054,107.4344,72.6553,106.9065,35f4f96a-00ea-4c31-8f63-550b15c5524b,107.4344,7.687,11,33,2830,382,23,361,531,1259,-1,-1,0,0,0,0
233,233,623,-118.3168,107.4344,68.8249,105.2232,35f4f96a-00ea-4c31-8f63-550b15c5524b,107.4344,7.687,11,33,2830,382,23,361,531,1228,-1,-1,0,0,0,0
234,234,565,-121.8422,109.1445,67.7903,109.1445,2f421163-bddd-4172-bb5c-783a94f48c0c,109.1445,8.9816,13,47,4224,660,35,360,533,1289,-1,-1,0,0,0,0
235,235,594,-118.152,109.1445,71.1892,106.9648,2f421163-bddd-4172-bb5c-783a94f48c0c,109.1445,8.9816,13,47,4224,660,35,360,534,1257,-1,-1,0,0,0,0
236,236,533,-136.4186,109.1445,29.0638,108.5062,2f421163-bddd-4172-bb5c-783a94f48c0c,109.1445,8.9816,13,47,4224,660,35,361,573,1535,-1,-1,0,0,0,0
237,237,549,-118.7796,109.1445,77.4274,106.4634,2f421163-bddd-4172-bb5c-783a94f48c0c,109.1445,8.9816,13,47,4224,660,35,360,551,1336,-1,-1,0,0,0,0
238,238,608,-147.5042,112.9208,69.0462,112.9208,e991b5c6-f9fd-488e-a3ea-203029fb6fac,112.9208,6.8211,1,3,276,61,3,360,557,1379,-1,-1,0,0,0,0
239,239,525,-125.2114,112.9208,67.1049,109.6856,e991b5c6-f9fd-488e-a3ea-203029fb6fac,112.9208,6.8211,1,3,276,61,3,360,545,1346,-1,-1,0,0,0,0
240,240,594,-129.0092,112.9208,73.7378,110.3166,e991b5c6-f9fd-488e-a3ea-203029fb6fac,112.9208,6.8211,1,3,276,61,3,361,547,1338,-1,-1,0,0,0,0
241,241,455,-129.3912,112.9208,28.1655,108.848,e991b5c6-f9fd-488e-a3ea-203029fb6fac,112.9208,6.8211,1,3,276,61,3,360,569,1584,-1,-1,0,0,0,0
242,242,521,-126.706,112.9208,67.1698,106.8509,e991b5c6-f9fd-488e-a3ea-203029fb6fac,112.9208,6.8211,1,3,276,61,3,360,561,1424,-1,-1,0,0,0,0
243,243,541,-128.5527,112.9208,65.8595,110.9728,e991b5c6-f9fd-488e-a3ea-203029fb6fac,112.9208,6.8211,1,3,276,61,3,360,556,1393,-1,-1,0,0,0,0
244,244,624,-172.7118,112.9208,72.5349,111.5093,e991b5c6-f9fd-488e-a3ea-203029fb6fac,112.9208,6.8211,1,3,276,61,3,360,563,1409,-1,-1,0,0,0,0
245,245,550,-145.3112,112.9208,77.8893,108.6267,e991b5c6-f9fd-488e-a3ea-203029fb6fac,112.9208,6.8211,1,3,276,61,3,360,555,1426,-1,-1,0,0,0,0
246,246,417,-126.0182,112.9208,35.1961,107.9408,e991b5c6-f9fd-488e-a3ea-203029fb6fac,112.9208,6.8211,1,3,276,61,3,360,562,1571,-1,-1,0,0,0,0
247,247,543,-134.7985,112.9208,72.3855,110.9715,e991b5c6-f9fd-488e-a3ea-203029fb6fac,112.9208,6.8211,1,3,276,61,3,360,557,1424,-1,-1,0,0,0,0
248,248,615,-160.1083,112.9208,76.7423,109.0307,e991b5c6-f9fd-488e-a3ea-203029fb6fac,112.9208,6.8211,1,3,276,61,3,360,561,1451,-1,-1,0,0,0,0
249,249,589,-125.0445,113.2578,75.2497,113.2578,916f7683-eb11-43b0-8b68-26e5c0f1a6db,113.2578,12.3618,10,29,2498,339,20,360,570,1484,-1,-1,0,0,0,0
250,250,536,-128.375,120.8687,76.3407,120.8687,cb50acf4-85c7-469d-9433-c6faa9cc63b2,120.8687,11.0656,1,2,178,39,2,360,559,1472,-1,-1,0,0,0,0
251,251,535,-150.1325,120.8687,35.0146,109.0426,cb50acf4-85c7-469d-9433-c6faa9cc63b2,120.8687,11.0656,1,2,178,39,2,360,588,1682,-1,-1,0,0,0,0
252,252,528,-129.2939,120.8687,79.7224,113.2173,cb50acf4-85c7-469d-9433-c6faa9cc63b2,120.8687,11.0656,1,2,178,39,2,360,566,1489,-1,-1,0,0,0,0
253,253,497,-122.9966,120.8687,73.7141,111.0705,cb50acf4-85c7-469d-9433-c6faa9cc63b2,120.8687,11.0656,1,2,178,39,2,360,552,1441,-1,-1,0,0,0,0
254,254,593,-125.6103,120.8687,74.9201,118.108,cb50acf4-85c7-469d-9433-c6faa9cc63b2,120.8687,11.0656,1,2,178,39,2,360,559,1476,-1,-1,0,0,0,0
255,255,589,-124.5135,124.0039,74.4733,124.0039,29c8b4f1-8c41-4478-bd26-b3944c25815a,124.0039,15.3036,1,2,178,39,2,360,561,1439,-1,-1,0,0,0,0
256,256,478,-165.3342,124.0039,30.8661,118.7258,29c8b4f1-8c41-4478-bd26-b3944c25815a,124.0039,15.3036,1,2,178,39,2,360,585,1666,-1,-1,0,0,0,0
257,257,508,-148.3607,124.0039,77.7182,123.0207,29c8b4f1-8c41-4478-bd26-b3944c25815a,124.0039,15.3036,1,2,178,39,2,360,566,1495,-1,-1,0,0,0,0
258,258,560,-172.7881,127.2009,74.8437,127.2009,81d83710-8a51-46c6-bdfc-111d947dbdcd,127.2009,10.6282,1,4,350,75,4,360,565,1451,-1,-1,0,0,0,0
259,259,593,-176.1562,130.3691,75.3208,130.3691,037c2d59-7563-4f15-a1b3-6411352afb6b,130.3691,7.9792,1,4,352,74,4,360,573,1485,-1,-1,0,0,0,0
260,260,568,-129.201,130.3691,75.0939,124.3156,037c2d59-7563-4f15-a1b3-6411352afb6b,130.3691,7.9792,1,4,352,74,4,361,576,1476,-1,-1,0,0,0,0
261,261,450,-156.6406,130.3691,38.301,130.3215,037c2d59-7563-4f15-a1b3-6411352afb6b,130.3691,7.9792,1,4,352,74,4,360,592,1651,-1,-1,0,0,0,0
262,262,502,-130.4832,130.3691,78.4092,126.1648,037c2d59-7563-4f15-a1b3-6411352afb6b,130.3691,7.9792,1,4,352,74,4,360,575,1479,-1,-1,0,0,0,0
263,263,505,-122.2245,130.3691,77.0346,124.4836,037c2d59-7563-4f15-a1b3-6411352afb6b,130.3691,7.9792,1,4,352,74,4,360,561,1408,-1,-1,0,0,0,0
264,264,512,-125.5675,130.3691,78.4713,128.2729,037c2d59-7563-4f15-a1b3-6411352afb6b,130.3691,7.9792,1,4,352,74,4,360,545,1355,-1,-1,0,0,0,0
265,265,551,-123.7318,131.0936,76.6676,131.0936,732508fe-3aea-4c5c-83ae-e1ddcccb0696,131.0936,10.0472,1,4,353,74,4,360,538,1336,-1,-1,0,0,0,0
266,266,428,-129.808,131.0936,34.5638,123.8064,732508fe-3aea-4c5c-83ae-e1ddcccb0696,131.0936,10.0472,1,4,353,74,4,360,558,1548,-1,-1,0,0,0,0
267,267,560,-126.5759,131.0936,79.8785,130.2703,732508fe-3aea-4c5c-83ae-e1ddcccb0696,131.0936,10.0472,1,4,353,74,4,360,556,1405,-1,-1,0,0,0,0
268,268,565,-122.8198,131.0936,86.8277,124.9347,732508fe-3aea-4c5c-83ae-e1ddcccb0696,131.0936,10.0472,1,4,353,74,4,361,546,1353,-1,-1,0,0,0,0
269,269,495,-128.3975,131.0936,85.267,129.3999,732508fe-3aea-4c5c-83ae-e1ddcccb0696,131.0936,10.0472,1,4,353,74,4,360,526,1283,-1,-1,0,0,0,0
270,270,541,-127.6889,133.1605,82.0445,133.1605,cc44d51b-41be-4d85-ac56-01e49be44616,133.1605,5.0699,1,4,353,73,4,360,526,1288,-1,-1,0,0,0,0
271,271,497,-146.7816,133.1605,38.5392,127.7135,cc44d51b-41be-4d85-ac56-01e49be44616,133.1605,5.0699,1,4,353,73,4,360,554,1480,-1,-1,0,0,0,0
272,272,435,-132.3383,133.1605,85.9465,128.6314,cc44d51b-41be-4d85-ac56-01e49be44616,133.1605,5.0699,1,4,353,73,4,360,523,1279,-1,-1,0,0,0,0
273,273,602,-124.1126,134.045,88.2801,134.045,bbd686e2-cb44-4f2a-bbea-21adfe971b05,134.045,11.0348,2,7,610,83,6,360,532,1290,-1,-1,0,0,0,0
274,274,551,-121.6514,134.045,89.4385,133.2063,bbd686e2-cb44-4f2a-bbea-21adfe971b05,134.045,11.0348,2,7,610,83,6,360,521,1277,-1,-1,0,0,0,0
275,275,607,-123.8599,134.045,82.1304,132.6506,bbd686e2-cb44-4f2a-bbea-21adfe971b05,134.045,11.0348,2,7,610,83,6,360,535,1320,-1,-1,0,0,0,0
276,276,410,-132.6422,134.045,46.1404,132.3921,bbd686e2-cb44-4f2a-bbea-21adfe971b05,134.045,11.0348,2,7,610,83,6,361,539,1469,-1,-1,0,0,0,0
277,277,579,-134.8731,134.1207,94.439,134.1207,a6a73b8f-3fab-45be-a200-e3cd2f6edfa9,134.1207,9.6901,1,3,258,47,3,360,527,1301,-1,-1,0,0,0,0
278,278,495,-178.3504,134.1671,91.3444,134.1671,a70d8c88-18f0-4f37-ae3d-e1c39c043343,134.1671,10.6802,1,4,333,51,4,360,504,1249,-1,-1,0,0,0,0
279,279,618,-122.8131,134.1671,97.0935,132.2368,a70d8c88-18f0-4f37-ae3d-e1c39c043343,134.1671,10.6802,1,4,333,51,4,360,505,1269,-1,-1,0,0,0,0
280,280,541,-147.9533,136.8113,86.1656,136.8113,c27a9cfd-de7d-4c95-8771-947ea68f62e6,136.8113,7.5816,3,11,986,154,9,360,500,1259,-1,-1,0,0,0,0
281,281,562,-136.8676,138.8281,32.0762,138.8281,561d351d-f457-4223-a5ef-86770c1f7304,138.8281,12.4941,3,9,817,150,7,361,548,1563,-1,-1,0,0,0,0
282,282,506,-156.9348,138.8281,78.932,134.9218,561d351d-f457-4223-a5ef-86770c1f7304,138.8281,12.4941,3,9,817,150,7,361,539,1423,-1,-1,0,0,0,0
283,283,478,-128.156,138.8281,94.1826,136.1571,561d351d-f457-4223-a5ef-86770c1f7304,138.8281,12.4941,3,9,817,150,7,360,507,1310,-1,-1,0,0,0,0
284,284,594,-152.0465,138.8281,85.3167,136.0162,561d351d-f457-4223-a5ef-86770c1f7304,138.8281,12.4941,3,9,817,150,7,360,510,1313,-1,-1,0,0,0,0
285,285,601,-132.887,138.8281,87.0077,135.6583,561d351d-f457-4223-a5ef-86770c1f7304,138.8281,12.4941,3,9,817,150,7,360,517,1350,-1,-1,0,0,0,0
286,286,446,-125.6615,138.8281,41.59,132.3249,561d351d-f457-4223-a5ef-86770c1f7304,138.8281,12.4941,3,9,817,150,7,360,541,1536,-1,-1,0,0,0,0
287,287,527,-137.1824,138.8281,90.4125,131.9631,561d351d-f457-4223-a5ef-86770c1f7304,138.8281,12.4941,3,9,817,150,7,360,529,1378,-1,-1,0,0,0,0
288,288,446,-126.8078,153.7954,93.137,153.7954,3f455c9f-48ca-42bc-8f5c-707d1b1dc9e3,153.7954,5.4568,1,3,282,67,3,360,501,1290,-1,-1,0,0,0,0
289,289,674,-150.5673,153.7954,91.3865,139.5507,3f455c9f-48ca-42bc-8f5c-707d1b1dc9e3,153.7954,5.4568,1,3,282,67,3,360,523,1355,-1,-1,0,0,0,0
290,290,544,-133.9353,153.7954,89.5982,146.4687,3f455c9f-48ca-42bc-8f5c-707d1b1dc9e3,153.7954,5.4568,1,3,282,67,3,360,520,1307,-1,-1,0,0,0,0
291,291,473,-155.791,153.7954,52.0964,132.4943,3f455c9f-48ca-42bc-8f5c-707d1b1dc9e3,153.7954,5.4568,1,3,282,67,3,361,531,1461,-1,-1,0,0,0,0
292,292,506,-136.5324,153.7954,93.3762,137.3863,3f455c9f-48ca-42bc-8f5c-707d1b1dc9e3,153.7954,5.4568,1,3,282,67,3,360,514,1331,-1,-1,0,0,0,0
293,293,612,-132.6587,153.7954,100.3668,153.2221,3f455c9f-48ca-42bc-8f5c-707d1b1dc9e3,153.7954,5.4568,1,3,282,67,3,360,511,1315,-1,-1,0,0,0,0
294,294,600,-126.7604,153.7954,97.2517,141.6512,3f455c9f-48ca-42bc-8f5c-707d1b1dc9e3,153.7954,5.4568,1,3,282,67,3,360,508,1332,-1,-1,0,0,0,0
295,295,532,-131.225,153.7954,91.4383,145.8145,3f455c9f-48ca-42bc-8f5c-707d1b1dc9e3,153.7954,5.4568,1,3,282,67,3,360,504,1290,-1,-1,0,0,0,0
296,296,463,-149.0687,153.7954,34.7492,140.5626,3f455c9f-48ca-42bc-8f5c-707d1b1dc9e3,153.7954,5.4568,1,3,282,67,3,361,540,1552,-1,-1,0,0,0,0
297,297,526,-128.1104,153.7954,93.9315,145.5916,3f455c9f-48ca-42bc-8f5c-707d1b1dc9e3,153.7954,5.4568,1,3,282,67,3,361,529,1396,-1,-1,0,0,0,0
298,298,500,-131.3888,153.7954,93.4196,141.2766,3f455c9f-48ca-42bc-8f5c-707d1b1dc9e3,153.7954,5.4568,1,3,282,67,3,361,513,1313,-1,-1,0,0,0,0
299,299,562,-127.3788,153.7954,93.5112,143.227,3f455c9f-48ca-42bc-8f5c-707d1b1dc9e3,153.7954,5.4568,1,3,282,67,3,361,523,1358,-1,-1,0,0,0,0
300,300,509,-124.497,153.7954,96.1208,153.0428,3f455c9f-48ca-42bc-8f5c-707d1b1dc9e3,153.7954,5.4568,1,3,282,67,3,360,515,1324,-1,-1,0,0,0,0
301,301,406,-128.848,153.7954,44.5121,139.9202,3f455c9f-48ca-42bc-8f5c-707d1b1dc9e3,153.7954,5.4568,1,3,282,67,3,360,533,1503,-1,-1,0,0,0,0
302,302,529,-138.2074,156.3668,99.8781,156.3668,8db5d6a3-9231-455f-b070-6fd26a48865f,156.3668,16.7125,1,2,178,35,2,360,522,1329,-1,-1,0,0,0,0
303,303,535,-131.7374,161.606,97.09,161.606,098fbe49-e472-46b3-a5dd-35c2eebd9b7e,161.606,2.5587,3,11,968,176,9,360,516,1308,-1,-1,0,0,0,0
304,304,571,-140.2676,161.606,87.771,146.2208,098fbe49-e472-46b3-a5dd-35c2eebd9b7e,161.606,2.5587,3,11,968,176,9,360,527,1327,-1,-1,0,0,0,0
305,305,528,-128.1222,161.606,94.305,154.6358,098fbe49-e472-46b3-a5dd-35c2eebd9b7e,161.606,2.5587,3,11,968,176,9,360,529,1308,-1,-1,0,0,0,0
306,306,502,-168.4309,161.606,45.4255,142.3775,098fbe49-e472-46b3-a5dd-35c2eebd9b7e,161.606,2.5587,3,11,968,176,9,361,567,1563,-1,-1,0,0,0,0
307,307,486,-126.6813,161.606,100.0147,150.9469,098fbe49-e472-46b3-a5dd-35c2eebd9b7e,161.606,2.5587,3,11,968,176,9,360,546,1360,-1,-1,0,0,0,0
308,308,557,-185.4863,161.606,99.8738,158.7784,098fbe49-e472-46b3-a5dd-35c2eebd9b7e,161.606,2.5587,3,11,968,176,9,360,547,1340,-1,-1,0,0,0,0
309,309,557,-125.2441,161.606,104.0172,154.5768,098fbe49-e472-46b3-a5dd-35c2eebd9b7e,161.606,2.5587,3,11,968,176,9,360,539,1314,-1,-1,0,0,0,0
310,310,468,-131.2435,161.606,99.752,149.65,098fbe49-e472-46b3-a5dd-35c2eebd9b7e,161.606,2.5587,3,11,968,176,9,360,523,1263,-1,-1,0,0,0,0
311,311,457,-139.6392,161.606,52.9036,148.3953,098fbe49-e472-46b3-a5dd-35c2eebd9b7e,161.606,2.5587,3,11,968,176,9,360,547,1502,-1,-1,0,0,0,0
312,312,525,-126.5913,161.606,103.3177,157.8019,098fbe49-e472-46b3-a5dd-35c2eebd9b7e,161.606,2.5587,3,11,968,176,9,360,536,1306,-1,-1,0,0,0,0
313,313,531,-132.2262,162.9907,103.9449,162.9907,966e9729-36ca-4418-8103-7a6da1937c10,162.9907,8.5316,1,2,180,35,2,360,528,1289,-1,-1,0,0,0,0
314,314,576,-125.6453,162.9907,105.6708,156.2961,966e9729-36ca-4418-8103-7a6da1937c10,162.9907,8.5316,1,2,180,35,2,360,529,1296,-1,-1,0,0,0,0
315,315,480,-127.4367,162.9907,102.7454,162.0949,966e9729-36ca-4418-8103-7a6da1937c10,162.9907,8.5316,1,2,180,35,2,360,516,1224,-1,-1,0,0,0,0
316,316,419,-135.887,162.9907,37.6075,162.9412,966e9729-36ca-4418-8103-7a6da1937c10,162.9907,8.5316,1,2,180,35,2,361,550,1495,-1,-1,0,0,0,0
317,317,450,-124.456,162.9907,106.6653,154.2677,966e9729-36ca-4418-8103-7a6da1937c10,162.9907,8.5316,1,2,180,35,2,360,520,1267,-1,-1,0,0,0,0
318,318,538,-134.7492,162.9907,107.0687,159.4491,966e9729-36ca-4418-8103-7a6da1937c10,162.9907,8.5316,1,2,180,35,2,360,513,1200,-1,-1,0,0,0,0
319,319,562,-124.2356,162.9907,107.2738,162.0222,966e9729-36ca-4418-8103-7a6da1937c10,162.9907,8.5316,1,2,180,35,2,360,509,1212,-1,-1,0,0,0,0
320,320,571,-125.9391,165.1935,103.5962,165.1935,abc24f4a-c592-4460-a34a-e5c56b528c82,165.1935,5.5773,1,2,178,36,2,360,515,1233,-1,-1,0,0,0,0
321,321,429,-128.3708,165.1935,45.1598,153.5683,abc24f4a-c592-4460-a34a-e5c56b528c82,165.1935,5.5773,1,2,178,36,2,361,547,1429,-1,-1,0,0,0,0
322,322,512,-121.5043,181.2383,112.3811,181.2383,e8bd9f28-8328-4fa9-a617-f698201075b2,181.2383,9.3333,1,3,281,67,3,360,526,1239,-1,-1,0,0,0,0
323,323,501,-131.3349,181.2383,97.4487,163.2117,e8bd9f28-8328-4fa9-a617-f698201075b2,181.2383,9.3333,1,3,281,67,3,361,521,1205,-1,-1,0,0,0,0
324,324,432,-126.0232,181.2383,109.6996,165.7411,e8bd9f28-8328-4fa9-a617-f698201075b2,181.2383,9.3333,1,3,281,67,3,360,492,1098,-1,-1,0,0,0,0
325,325,521,-134.5851,181.2383,113.2587,167.0834,e8bd9f28-8328-4fa9-a617-f698201075b2,181.2383,9.3333,1,3,281,67,3,360,480,1049,-1,-1,0,0,0,0
326,326,411,-131.206,181.2383,36.5793,158.6754,e8bd9f28-8328-4fa9-a617-f698201075b2,181.2383,9.3333,1,3,281,67,3,361,521,1338,-1,-1,0,0,0,0
327,327,448,-133.5845,181.2383,107.0855,163.2644,e8bd9f28-8328-4fa9-a617-f698201075b2,181.2383,9.3333,1,3,281,67,3,360,492,1115,-1,-1,0,0,0,0
328,328,534,-125.3601,181.2383,111.7612,165.0605,e8bd9f28-8328-4fa9-a617-f698201075b2,181.2383,9.3333,1,3,281,67,3,360,484,1014,-1,-1,0,0,0,0
329,329,510,-127.7581,181.2383,107.5133,174.0169,e8bd9f28-8328-4fa9-a617-f698201075b2,181.2383,9.3333,1,3,281,67,3,360,478,991,-1,-1,0,0,0,0
330,330,461,-121.0552,181.2383,113.8644,173.8335,e8bd9f28-8328-4fa9-a617-f698201075b2,181.2383,9.3333,1,3,281,67,3,360,458,943,-1,-1,0,0,0,0
331,331,415,-136.8857,181.2383,35.6477,161.0797,e8bd9f28-8328-4fa9-a617-f698201075b2,181.2383,9.3333,1,3,281,67,3,360,498,1229,-1,-1,0,0,0,0
332,332,424,-120.432,181.2383,109.6614,165.9745,e8bd9f28-8328-4fa9-a617-f698201075b2,181.2383,9.3333,1,3,281,67,3,360,463,983,-1,-1,0,0,0,0
333,333,509,-165.7685,181.2383,105.0765,168.1574,e8bd9f28-8328-4fa9-a617-f698201075b2,181.2383,9.3333,1,3,281,67,3,360,458,930,-1,-1,0,0,0,0
334,334,504,-144.7662,181.2383,96.4208,167.5494,e8bd9f28-8328-4fa9-a617-f698201075b2,181.2383,9.3333,1,3,281,67,3,360,463,946,-1,-1,0,0,0,0
335,335,463,-123.1188,181.2383,104.6147,167.7876,e8bd9f28-8328-4fa9-a617-f698201075b2,181.2383,9.3333,1,3,281,67,3,361,458,908,-1,-1,0,0,0,0
336,336,456,-134.4248,181.2383,36.2959,168.5287,e8bd9f28-8328-4fa9-a617-f698201075b2,181.2383,9.3333,1,3,281,67,3,360,511,1267,-1,-1,0,0,0,0
337,337,454,-127.2251,181.2383,113.2726,172.1525,e8bd9f28-8328-4fa9-a617-f698201075b2,181.2383,9.3333,1,3,281,67,3,360,477,1017,-1,-1,0,0,0,0
338,338,426,-122.0148,181.2383,116.156,169.4289,e8bd9f28-8328-4fa9-a617-f698201075b2,181.2383,9.3333,1,3,281,67,3,360,445,881,-1,-1,0,0,0,0
339,339,504,-128.1613,181.2383,101.7234,180.1401,e8bd9f28-8328-4fa9-a617-f698201075b2,181.2383,9.3333,1,3,281,67,3,360,457,901,-1,-1,0,0,0,0
340,340,484,-135.2749,181.2383,98.5441,170.6906,e8bd9f28-8328-4fa9-a617-f698201075b2,181.2383,9.3333,1,3,281,67,3,360,464,934,-1,-1,0,0,0,0
341,341,413,-131.198,181.2383,32.9969,164.9551,e8bd9f28-8328-4fa9-a617-f698201075b2,181.2383,9.3333,1,3,281,67,3,360,514,1258,-1,-1,0,0,0,0
342,342,362,-122.6554,181.2383,117.0512,174.1775,e8bd9f28-8328-4fa9-a617-f698201075b2,181.2383,9.3333,1,3,281,67,3,360,461,977,-1,-1,0,0,0,0
343,343,450,-133.3789,181.2383,99.6641,175.7905,e8bd9f28-8328-4fa9-a617-f698201075b2,181.2383,9.3333,1,3,281,67,3,361,459,906,-1,-1,0,0,0,0
344,344,462,-120.1206,181.2383,108.2499,172.8939,e8bd9f28-8328-4fa9-a617-f698201075b2,181.2383,9.3333,1,3,281,67,3,360,453,878,-1,-1,0,0,0,0
345,345,466,-156.6531,181.2383,111.0308,174.339,e8bd9f28-8328-4fa9-a617-f698201075b2,181.2383,9.3333,1,3,281,67,3,360,446,863,-1,-1,0,0,0,0
346,346,423,-133.8433,181.2383,39.865,164.1414,e8bd9f28-8328-4fa9-a617-f698201075b2,181.2383,9.3333,1,3,281,67,3,361,490,1155,-1,-1,0,0,0,0
347,347,419,-133.6807,181.2383,108.8623,173.777,e8bd9f28-8328-4fa9-a617-f698201075b2,181.2383,9.3333,1,3,281,67,3,360,462,958,-1,-1,0,0,0,0
348,348,474,-131.8814,181.2383,110.5533,178.5216,e8bd9f28-8328-4fa9-a617-f698201075b2,181.2383,9.3333,1,3,281,67,3,360,456,904,-1,-1,0,0,0,0
349,349,470,-148.2791,181.2383,117.6438,173.6844,e8bd9f28-8328-4fa9-a617-f698201075b2,181.2383,9.3333,1,3,281,67,3,360,442,846,-1,-1,0,0,0,0
350,350,484,-125.2041,181.2383,114.9275,178.6621,e8bd9f28-8328-4fa9-a617-f698201075b2,181.2383,9.3333,1,3,281,67,3,360,437,840,-1,-1,0,0,0,0
351,351,429,-148.707,181.2383,48.9418,167.9582,e8bd9f28-8328-4fa9-a617-f698201075b2,181.2383,9.3333,1,3,281,67,3,361,476,1136,-1,-1,0,0,0,0
352,352,419,-131.6982,181.2383,115.2688,179.7777,e8bd9f28-8328-4fa9-a617-f698201075b2,181.2383,9.3333,1,3,281,67,3,360,456,919,-1,-1,0,0,0,0
353,353,488,-137.8997,181.2383,113.9111,175.2948,e8bd9f28-8328-4fa9-a617-f698201075b2,181.2383,9.3333,1,3,281,67,3,360,450,874,-1,-1,0,0,0,0
354,354,475,-157.7638,181.2383,114.6276,179.8498,e8bd9f28-8328-4fa9-a617-f698201075b2,181.2383,9.3333,1,3,281,67,3,360,447,856,-1,-1,0,0,0,0
355,355,544,-117.5142,184.7159,119.4582,184.7159,a60fe90d-d0ee-489e-b67a-c96efd92dfa3,184.7159,6.5376,1,3,254,39,3,360,454,886,-1,-1,0,0,0,0
356,356,339,-178.3836,184.7159,54.4593,172.8852,a60fe90d-d0ee-489e-b67a-c96efd92dfa3,184.7159,6.5376,1,3,254,39,3,361,475,1113,-1,-1,0,0,0,0
357,357,405,-145.8854,184.7159,125.7224,173.8077,a60fe90d-d0ee-489e-b67a-c96efd92dfa3,184.7159,6.5376,1,3,254,39,3,360,439,891,-1,-1,0,0,0,0
358,358,480,-128.3787,184.7159,120.3334,176.6362,a60fe90d-d0ee-489e-b67a-c96efd92dfa3,184.7159,6.5376,1,3,254,39,3,360,436,857,-1,-1,0,0,0,0
359,359,538,-124.7437,184.7159,124.0058,175.9911,a60fe90d-d0ee-489e-b67a-c96efd92dfa3,184.7159,6.5376,1,3,254,39,3,360,436,836,-1,-1,0,0,0,0
360,360,563,-128.3015,184.7159,110.8759,178.1019,a60fe90d-d0ee-489e-b67a-c96efd92dfa3,184.7159,6.5376,1,3,254,39,3,360,456,861,-1,-1,0,0,0,0
361,361,423,-131.2343,184.7159,59.6189,175.5714,a60fe90d-d0ee-489e-b67a-c96efd92dfa3,184.7159,6.5376,1,3,254,39,3,360,485,1129,-1,-1,0,0,0,0
362,362,373,-154.1472,184.7159,125.1713,175.5836,a60fe90d-d0ee-489e-b67a-c96efd92dfa3,184.7159,6.5376,1,3,254,39,3,361,447,896,-1,-1,0,0,0,0
363,363,520,-126.1142,184.7159,127.4424,179.2376,a60fe90d-d0ee-489e-b67a-c96efd92dfa3,184.7159,6.5376,1,3,254,39,3,361,443,866,-1,-1,0,0,0,0
364,364,538,-180.2917,184.7159,116.7298,177.4557,a60fe90d-d0ee-489e-b67a-c96efd92dfa3,184.7159,6.5376,1,3,254,39,3,360,451,893,-1,-1,0,0,0,0
365,365,506,-129.0068,184.7159,131.5682,175.5378,a60fe90d-d0ee-489e-b67a-c96efd92dfa3,184.7159,6.5376,1,3,254,39,3,361,438,870,-1,-1,0,0,0,0
366,366,431,-135.9167,184.7159,29.5472,173.9723,a60fe90d-d0ee-489e-b67a-c96efd92dfa3,184.7159,6.5376,1,3,254,39,3,361,499,1220,-1,-1,0,0,0,0
367,367,429,-158.821,184.7159,114.2198,180.7526,a60fe90d-d0ee-489e-b67a-c96efd92dfa3,184.7159,6.5376,1,3,254,39,3,361,471,1000,-1,-1,0,0,0,0
368,368,462,-169.599,184.7159,118.9636,176.6911,a60fe90d-d0ee-489e-b67a-c96efd92dfa3,184.7159,6.5376,1,3,254,39,3,361,460,936,-1,-1,0,0,0,0
369,369,486,-127.9693,184.7159,123.9916,177.9027,a60fe90d-d0ee-489e-b67a-c96efd92dfa3,184.7159,6.5376,1,3,254,39,3,361,455,910,-1,-1,0,0,0,0
370,370,501,-122.4113,184.7159,115.507,175.5178,a60fe90d-d0ee-489e-b67a-c96efd92dfa3,184.7159,6.5376,1,3,254,39,3,361,459,953,-1,-1,0,0,0,0
371,371,353,-130.6035,184.7159,45.6377,170.7807,a60fe90d-d0ee-489e-b67a-c96efd92dfa3,184.7159,6.5376,1,3,254,39,3,361,496,1195,-1,-1,0,0,0,0
372,372,414,-120.4349,184.7159,127.2563,178.1697,a60fe90d-d0ee-489e-b67a-c96efd92dfa3,184.7159,6.5376,1,3,254,39,3,361,461,977,-1,-1,0,0,0,0
373,373,491,-124.3629,184.7159,121.7351,176.5936,a60fe90d-d0ee-489e-b67a-c96efd92dfa3,184.7159,6.5376,1,3,254,39,3,361,457,924,-1,-1,0,0,0,0
374,374,479,-124.8379,184.7159,117.7674,177.2163,a60fe90d-d0ee-489e-b67a-c96efd92dfa3,184.7159,6.5376,1,3,254,39,3,361,457,953,-1,-1,0,0,0,0
375,375,469,-120.1261,184.7159,123.7454,179.5377,a60fe90d-d0ee-489e-b67a-c96efd92dfa3,184.7159,6.5376,1,3,254,39,3,361,445,890,-1,-1,0,0,0,0
376,376,420,-136.0366,184.7159,50.9038,178.3004,a60fe90d-d0ee-489e-b67a-c96efd92dfa3,184.7159,6.5376,1,3,254,39,3,361,492,1259,-1,-1,0,0,0,0
377,377,415,-130.4596,184.7159,118.4316,178.5843,a60fe90d-d0ee-489e-b67a-c96efd92dfa3,184.7159,6.5376,1,3,254,39,3,361,472,1037,-1,-1,0,0,0,0
378,378,444,-129.8761,184.7159,130.2884,179.9026,a60fe90d-d0ee-489e-b67a-c96efd92dfa3,184.7159,6.5376,1,3,254,39,3,361,448,935,-1,-1,0,0,0,0
379,379,526,-125.2321,184.7159,115.4543,177.8752,a60fe90d-d0ee-489e-b67a-c96efd92dfa3,184.7159,6.5376,1,3,254,39,3,361,461,1005,-1,-1,0,0,0,0
380,380,480,-127.4513,184.7159,117.8752,179.685,a60fe90d-d0ee-489e-b67a-c96efd92dfa3,184.7159,6.5376,1,3,254,39,3,361,464,956,-1,-1,0,0,0,0
381,381,412,-184.7694,184.7159,46.6038,173.2278,a60fe90d-d0ee-489e-b67a-c96efd92dfa3,184.7159,6.5376,1,3,254,39,3,361,506,1274,-1,-1,0,0,0,0
382,382,394,-182.3493,184.7159,124.9516,180.2846,a60fe90d-d0ee-489e-b67a-c96efd92dfa3,184.7159,6.5376,1,3,254,39,3,361,472,1046,-1,-1,0,0,0,0
383,383,471,-149.6652,184.7159,119.0462,176.5164,a60fe90d-d0ee-489e-b67a-c96efd92dfa3,184.7159,6.5376,1,3,254,39,3,361,462,975,-1,-1,0,0,0,0
384,384,519,-127.4707,184.7159,119.3099,175.7793,a60fe90d-d0ee-489e-b67a-c96efd92dfa3,184.7159,6.5376,1,3,254,39,3,361,471,1003,-1,-1,0,0,0,0
385,385,471,-119.5433,184.7159,120.0009,177.9326,a60fe90d-d0ee-489e-b67a-c96efd92dfa3,184.7159,6.5376,1,3,254,39,3,361,462,977,-1,-1,0,0,0,0
386,386,358,-143.6068,184.7159,46.7455,176.6714,a60fe90d-d0ee-489e-b67a-c96efd92dfa3,184.7159,6.5376,1,3,254,39,3,361,500,1259,-1,-1,0,0,0,0
387,387,391,-130.6774,184.7159,131.6888,178.815,a60fe90d-d0ee-489e-b67a-c96efd92dfa3,184.7159,6.5376,1,3,254,39,3,361,459,1017,-1,-1,0,0,0,0
388,388,444,-124.6564,184.7159,118.131,180.2945,a60fe90d-d0ee-489e-b67a-c96efd92dfa3,184.7159,6.5376,1,3,254,39,3,361,454,971,-1,-1,0,0,0,0
389,389,500,-171.6591,184.7159,114.3377,181.7148,a60fe90d-d0ee-489e-b67a-c96efd92dfa3,184.7159,6.5376,1,3,254,39,3,361,461,987,-1,-1,0,0,0,0
390,390,531,-154.9685,184.7159,116.103,182.3154,a60fe90d-d0ee-489e-b67a-c96efd92dfa3,184.7159,6.5376,1,3,254,39,3,361,470,968,-1,-1,0,0,0,0
391,391,396,-131.6331,184.7159,51.6151,173.9295,a60fe90d-d0ee-489e-b67a-c96efd92dfa3,184.7159,6.5376,1,3,254,39,3,361,506,1270,-1,-1,0,0,0,0
392,392,349,-129.4859,184.7159,126.7504,176.5264,a60fe90d-d0ee-489e-b67a-c96efd92dfa3,184.7159,6.5376,1,3,254,39,3,361,463,1000,-1,-1,0,0,0,0
393,393,496,-144.5556,184.9782,115.8526,184.9782,6fceb8fa-c86d-4711-b91a-98a91d1f1851,184.9782,7.1862,3,8,742,104,6,361,468,982,-1,-1,0,0,0,0
394,394,468,-126.9463,184.9782,125.214,184.2412,6fceb8fa-c86d-4711-b91a-98a91d1f1851,184.9782,7.1862,3,8,742,104,6,360,458,954,-1,-1,0,0,0,0
395,395,491,-174.3591,184.9782,117.8717,183.8609,6fceb8fa-c86d-4711-b91a-98a91d1f1851,184.9782,7.1862,3,8,742,104,6,360,464,954,-1,-1,0,0,0,0
396,396,351,-168.4668,184.9782,46.1011,175.8438,6fceb8fa-c86d-4711-b91a-98a91d1f1851,184.9782,7.1862,3,8,742,104,6,361,500,1233,-1,-1,0,0,0,0
397,397,414,-161.0686,184.9782,122.1494,183.1392,6fceb8fa-c86d-4711-b91a-98a91d1f1851,184.9782,7.1862,3,8,742,104,6,360,476,1018,-1,-1,0,0,0,0
398,398,449,-127.6462,192.8386,123.9974,192.8386,0a56d964-2e06-49f9-92a6-05851abbb466,192.8386,4.9153,1,2,176,36,2,360,463,956,-1,-1,0,0,0,0
399,399,463,-128.6926,193.7583,121.3505,193.7583,55cb0bda-00bd-4f47-88c1-02109bd3e411,193.7583,4.1988,1,3,280,68,3,360,461,931,-1,-1,0,0,0,0
400,400,448,-129.4057,193.7583,118.6578,189.4268,55cb0bda-00bd-4f47-88c1-02109bd3e411,193.7583,4.1988,1,3,280,68,3,360,456,913,-1,-1,0,0,0,0
401,401,382,-139.3379,193.7583,60.3807,184.6849,55cb0bda-00bd-4f47-88c1-02109bd3e411,193.7583,4.1988,1,3,280,68,3,360,483,1149,-1,-1,0,0,0,0
402,402,370,-128.3473,193.7583,127.3435,183.3738,55cb0bda-00bd-4f47-88c1-02109bd3e411,193.7583,4.1988,1,3,280,68,3,360,455,914,-1,-1,0,0,0,0
403,403,461,-145.2057,193.7583,116.8582,189.8003,55cb0bda-00bd-4f47-88c1-02109bd3e411,193.7583,4.1988,1,3,280,68,3,360,462,914,-1,-1,0,0,0,0
404,404,448,-136.7874,193.7583,122.4797,182.5669,55cb0bda-00bd-4f47-88c1-02109bd3e411,193.7583,4.1988,1,3,280,68,3,360,461,898,-1,-1,0,0,0,0
405,405,411,-134.6206,193.7583,126.8206,184.1178,55cb0bda-00bd-4f47-88c1-02109bd3e411,193.7583,4.1988,1,3,280,68,3,360,443,851,-1,-1,0,0,0,0
406,406,397,-147.8153,193.7583,49.5331,177.5405,55cb0bda-00bd-4f47-88c1-02109bd3e411,193.7583,4.1988,1,3,280,68,3,360,487,1173,-1,-1,0,0,0,0
407,407,366,-173.976,194.9872,115.2882,194.9872,4052ec13-5169-4266-bec1-4a1043be6554,194.9872,7.5915,1,2,178,35,2,361,463,978,-1,-1,0,0,0,0
408,408,457,-140.5336,194.9872,128.4325,186.5861,4052ec13-5169-4266-bec1-4a1043be6554,194.9872,7.5915,1,2,178,35,2,360,453,891,-1,-1,0,0,0,0
409,409,477,-138.7916,194.9872,119.546,185.9543,4052ec13-5169-4266-bec1-4a1043be6554,194.9872,7.5915,1,2,178,35,2,360,452,881,-1,-1,0,0,0,0
410,410,479,-128.653,194.9872,126.2895,187.077,4052ec13-5169-4266-bec1-4a1043be6554,194.9872,7.5915,1,2,178,35,2,360,452,889,-1,-1,0,0,0,0
411,411,356,-155.3551,194.9872,51.0917,179.2154,4052ec13-5169-4266-bec1-4a1043be6554,194.9872,7.5915,1,2,178,35,2,361,482,1143,-1,-1,0,0,0,0
412,412,414,-128.3089,194.9872,128.0204,186.326,4052ec13-5169-4266-bec1-4a1043be6554,194.9872,7.5915,1,2,178,35,2,360,459,930,-1,-1,0,0,0,0
413,413,427,-167.6443,194.9872,119.5039,191.2853,4052ec13-5169-4266-bec1-4a1043be6554,194.9872,7.5915,1,2,178,35,2,360,452,876,-1,-1,0,0,0,0
414,414,477,-128.3146,194.9872,125.1674,192.181,4052ec13-5169-4266-bec1-4a1043be6554,194.9872,7.5915,1,2,178,35,2,360,452,879,-1,-1,0,0,0,0
415,415,436,-138.8129,194.9872,114.5293,194.6541,4052ec13-5169-4266-bec1-4a1043be6554,194.9872,7.5915,1,2,178,35,2,360,449,883,-1,-1,0,0,0,0
416,416,346,-146.3555,194.9872,43.1752,190.5143,4052ec13-5169-4266-bec1-4a1043be6554,194.9872,7.5915,1,2,178,35,2,360,492,1181,-1,-1,0,0,0,0
417,417,402,-183.2437,194.9872,118.295,188.8835,4052ec13-5169-4266-bec1-4a1043be6554,194.9872,7.5915,1,2,178,35,2,361,468,963,-1,-1,0,0,0,0
418,418,462,-131.4665,194.9872,124.7745,194.8022,4052ec13-5169-4266-bec1-4a1043be6554,194.9872,7.5915,1,2,178,35,2,360,463,911,-1,-1,0,0,0,0
419,419,469,-128.7897,194.9872,118.2759,192.3888,4052ec13-5169-4266-bec1-4a1043be6554,194.9872,7.5915,1,2,178,35,2,360,467,924,-1,-1,0,0,0,0
420,420,389,-130.8488,196.2518,129.0848,196.2518,5835a067-59a6-4184-9940-de757613ef3d,196.2518,5.9401,1,2,178,38,2,361,448,841,-1,-1,0,0,0,0
421,421,351,-166.3362,196.2518,44.6951,191.2207,5835a067-59a6-4184-9940-de757613ef3d,196.2518,5.9401,1,2,178,38,2,361,491,1148,-1,-1,0,0,0,0
422,422,447,-128.9085,196.2518,117.1935,193.7569,5835a067-59a6-4184-9940-de757613ef3d,196.2518,5.9401,1,2,178,38,2,360,479,982,-1,-1,0,0,0,0
423,423,468,-176.7901,196.2518,126.9405,194.374,5835a067-59a6-4184-9940-de757613ef3d,196.2518,5.9401,1,2,178,38,2,360,470,934,-1,-1,0,0,0,0
424,424,387,-168.5119,196.5638,120.5525,196.5638,4dffb7d8-5493-4ef6-b093-7ab826dfa80b,196.5638,5.217,1,3,282,66,3,360,458,911,-1,-1,0,0,0,0
425,425,413,-128.5526,196.5638,120.6232,193.729,4dffb7d8-5493-4ef6-b093-7ab826dfa80b,196.5638,5.217,1,3,282,66,3,360,450,851,-1,-1,0,0,0,0
426,426,368,-166.8295,196.5638,43.3223,178.2891,4dffb7d8-5493-4ef6-b093-7ab826dfa80b,196.5638,5.217,1,3,282,66,3,360,496,1183,-1,-1,0,0,0,0
427,427,340,-133.9702,196.5638,111.0111,195.8826,4dffb7d8-5493-4ef6-b093-7ab826dfa80b,196.5638,5.217,1,3,282,66,3,360,472,995,-1,-1,0,0,0,0
428,428,401,-128.4661,196.5638,125.5385,196.5231,4dffb7d8-5493-4ef6-b093-7ab826dfa80b,196.5638,5.217,1,3,282,66,3,360,460,909,-1,-1,0,0,0,0
429,429,409,-127.1816,196.5638,122.2071,191.5562,4dffb7d8-5493-4ef6-b093-7ab826dfa80b,196.5638,5.217,1,3,282,66,3,360,455,883,-1,-1,0,0,0,0
430,430,462,-160.931,196.5638,120.0973,194.8925,4dffb7d8-5493-4ef6-b093-7ab826dfa80b,196.5638,5.217,1,3,282,66,3,360,462,892,-1,-1,0,0,0,0
431,431,313,-157.6475,196.5638,65.3083,192.5702,4dffb7d8-5493-4ef6-b093-7ab826dfa80b,196.5638,5.217,1,3,282,66,3,360,478,1107,-1,-1,0,0,0,0
432,432,368,-169.761,196.5638,126.0629,190.2822,4dffb7d8-5493-4ef6-b093-7ab826dfa80b,196.5638,5.217,1,3,282,66,3,360,453,892,-1,-1,0,0,0,0
433,433,383,-131.6238,196.5638,119.7029,192.4518,4dffb7d8-5493-4ef6-b093-7ab826dfa80b,196.5638,5.217,1,3,282,66,3,360,447,867,-1,-1,0,0,0,0
434,434,431,-153.7571,196.5638,118.919,191.7927,4dffb7d8-5493-4ef6-b093-7ab826dfa80b,196.5638,5.217,1,3,282,66,3,360,451,885,-1,-1,0,0,0,0
435,435,390,-123.2709,196.5638,118.9452,196.0818,4dffb7d8-5493-4ef6-b093-7ab826dfa80b,196.5638,5.217,1,3,282,66,3,360,449,881,-1,-1,0,0,0,0
436,436,296,-185.8235,196.8902,37.5009,196.8902,2bcd0eaf-9fcf-40e8-aa58-b66c2ad28960,196.8902,8.4711,3,9,813,115,7,360,493,1178,-1,-1,0,0,0,0
437,437,338,-131.2796,196.8902,117.4765,195.4351,2bcd0eaf-9fcf-40e8-aa58-b66c2ad28960,196.8902,8.4711,3,9,813,115,7,360,461,965,-1,-1,0,0,0,0
438,438,377,-126.0561,196.8902,121.2239,195.5787,2bcd0eaf-9fcf-40e8-aa58-b66c2ad28960,196.8902,8.4711,3,9,813,115,7,360,444,879,-1,-1,0,0,0,0
439,439,419,-123.0655,198.4675,125.8211,198.4675,499ebb22-b492-4be4-9e76-e57001ecd5da,198.4675,6.4278,1,2,178,37,2,360,437,857,-1,-1,0,0,0,0
440,440,455,-137.1963,198.4675,120.8574,197.6237,499ebb22-b492-4be4-9e76-e57001ecd5da,198.4675,6.4278,1,2,178,37,2,360,443,882,-1,-1,0,0,0,0
441,441,369,-147.0832,198.4675,35.7226,195.3531,499ebb22-b492-4be4-9e76-e57001ecd5da,198.4675,6.4278,1,2,178,37,2,360,504,1229,-1,-1,0,0,0,0
442,442,341,-127.5366,198.4675,123.6452,192.872,499ebb22-b492-4be4-9e76-e57001ecd5da,198.4675,6.4278,1,2,178,37,2,360,464,963,-1,-1,0,0,0,0
443,443,417,-128.8621,198.4675,121.1957,192.9853,499ebb22-b492-4be4-9e76-e57001ecd5da,198.4675,6.4278,1,2,178,37,2,360,462,906,-1,-1,0,0,0,0
444,444,389,-127.2036,198.4675,132.1213,195.9307,499ebb22-b492-4be4-9e76-e57001ecd5da,198.4675,6.4278,1,2,178,37,2,361,442,832,-1,-1,0,0,0,0
445,445,446,-125.1749,198.4675,124.5497,195.2326,499ebb22-b492-4be4-9e76-e57001ecd5da,198.4675,6.4278,1,2,178,37,2,360,445,846,-1,-1,0,0,0,0
446,446,293,-174.4329,198.4675,49.1465,187.9488,499ebb22-b492-4be4-9e76-e57001ecd5da,198.4675,6.4278,1,2,178,37,2,361,472,1089,-1,-1,0,0,0,0
447,447,362,-141.0127,198.4675,126.7403,197.5972,499ebb22-b492-4be4-9e76-e57001ecd5da,198.4675,6.4278,1,2,178,37,2,361,446,868,-1,-1,0,0,0,0
448,448,403,-185.0758,198.4675,123.6186,198.0889,499ebb22-b492-4be4-9e76-e57001ecd5da,198.4675,6.4278,1,2,178,37,2,360,446,835,-1,-1,0,0,0,0
449,449,445,-137.5185,198.4675,123.8227,194.1189,499ebb22-b492-4be4-9e76-e57001ecd5da,198.4675,6.4278,1,2,178,37,2,360,453,849,-1,-1,0,0,0,0
450,450,405,-123.9117,198.4675,136.9462,195.2422,499ebb22-b492-4be4-9e76-e57001ecd5da,198.4675,6.4278,1,2,178,37,2,360,438,805,-1,-1,0,0,0,0
451,451,334,-136.5014,198.4675,35.1378,187.8927,499ebb22-b492-4be4-9e76-e57001ecd5da,198.4675,6.4278,1,2,178,37,2,361,495,1169,-1,-1,0,0,0,0
452,452,373,-170.626,198.4675,118.9077,194.1887,499ebb22-b492-4be4-9e76-e57001ecd5da,198.4675,6.4278,1,2,178,37,2,360,469,931,-1,-1,0,0,0,0
453,453,336,-155.6686,198.4675,129.4462,191.4845,499ebb22-b492-4be4-9e76-e57001ecd5da,198.4675,6.4278,1,2,178,37,2,360,442,835,-1,-1,0,0,0,0
454,454,450,-129.6688,200.1057,118.6321,200.1057,8197b3d7-39f6-4daf-9ffc-7e1d9829890f,200.1057,6.6537,1,2,177,36,2,360,456,822,-1,-1,0,0,0,0
455,455,383,-150.5061,200.1057,136.5896,192.5555,8197b3d7-39f6-4daf-9ffc-7e1d9829890f,200.1057,6.6537,1,2,177,36,2,360,436,803,-1,-1,0,0,0,0
456,456,291,-139.3034,200.1057,34.9064,195.929,8197b3d7-39f6-4daf-9ffc-7e1d9829890f,200.1057,6.6537,1,2,177,36,2,360,492,1152,-1,-1,0,0,0,0
457,457,352,-192.9272,200.1057,117.7387,194.6188,8197b3d7-39f6-4daf-9ffc-7e1d9829890f,200.1057,6.6537,1,2,177,36,2,360,467,962,-1,-1,0,0,0,0
458,458,418,-146.1791,200.1057,127.3239,194.895,8197b3d7-39f6-4daf-9ffc-7e1d9829890f,200.1057,6.6537,1,2,177,36,2,360,458,853,-1,-1,0,0,0,0
459,459,390,-127.7257,200.1057,130.5231,199.6285,8197b3d7-39f6-4daf-9ffc-7e1d9829890f,200.1057,6.6537,1,2,177,36,2,360,446,847,-1,-1,0,0,0,0
460,460,483,-129.9396,200.1057,126.0931,197.9024,8197b3d7-39f6-4daf-9ffc-7e1d9829890f,200.1057,6.6537,1,2,177,36,2,360,456,863,-1,-1,0,0,0,0
461,461,291,-170.789,200.1057,53.4637,192.3968,8197b3d7-39f6-4daf-9ffc-7e1d9829890f,200.1057,6.6537,1,2,177,36,2,360,487,1137,-1,-1,0,0,0,0
462,462,353,-130.3705,200.1057,120.6447,194.9491,8197b3d7-39f6-4daf-9ffc-7e1d9829890f,200.1057,6.6537,1,2,177,36,2,360,464,920,-1,-1,0,0,0,0
463,463,394,-188.6197,200.1057,130.4155,197.3721,8197b3d7-39f6-4daf-9ffc-7e1d9829890f,200.1057,6.6537,1,2,177,36,2,360,448,836,-1,-1,0,0,0,0
464,464,429,-128.5309,200.1057,125.1347,194.8334,8197b3d7-39f6-4daf-9ffc-7e1d9829890f,200.1057,6.6537,1,2,177,36,2,360,448,872,-1,-1,0,0,0,0
465,465,426,-128.4308,200.1057,112.6252,194.4117,8197b3d7-39f6-4daf-9ffc-7e1d9829890f,200.1057,6.6537,1,2,177,36,2,360,460,894,-1,-1,0,0,0,0
466,466,315,-156.0786,200.1057,44.9314,195.4807,8197b3d7-39f6-4daf-9ffc-7e1d9829890f,200.1057,6.6537,1,2,177,36,2,361,500,1184,-1,-1,0,0,0,0
467,467,348,-137.724,200.1057,131.1287,197.9867,8197b3d7-39f6-4daf-9ffc-7e1d9829890f,200.1057,6.6537,1,2,177,36,2,360,470,946,-1,-1,0,0,0,0
468,468,350,-140.0948,200.1057,128.8523,195.9928,8197b3d7-39f6-4daf-9ffc-7e1d9829890f,200.1057,6.6537,1,2,177,36,2,361,454,867,-1,-1,0,0,0,0
469,469,401,-146.8571,200.1057,128.027,197.2255,8197b3d7-39f6-4daf-9ffc-7e1d9829890f,200.1057,6.6537,1,2,177,36,2,360,452,887,-1,-1,0,0,0,0
470,470,365,-137.7078,200.1057,124.5614,197.9715,8197b3d7-39f6-4daf-9ffc-7e1d9829890f,200.1057,6.6537,1,2,177,36,2,360,452,877,-1,-1,0,0,0,0
471,471,282,-132.8522,200.1057,45.1888,194.1572,8197b3d7-39f6-4daf-9ffc-7e1d9829890f,200.1057,6.6537,1,2,177,36,2,361,495,1181,-1,-1,0,0,0,0
472,472,342,-185.0374,200.1057,128.4205,196.3015,8197b3d7-39f6-4daf-9ffc-7e1d9829890f,200.1057,6.6537,1,2,177,36,2,360,464,944,-1,-1,0,0,0,0
473,473,370,-130.4144,200.1057,128.465,196.4338,8197b3d7-39f6-4daf-9ffc-7e1d9829890f,200.1057,6.6537,1,2,177,36,2,360,459,875,-1,-1,0,0,0,0
474,474,370,-141.0564,200.1057,123.7115,196.719,8197b3d7-39f6-4daf-9ffc-7e1d9829890f,200.1057,6.6537,1,2,177,36,2,361,461,895,-1,-1,0,0,0,0
475,475,335,-125.4069,200.1057,122.3259,195.8142,8197b3d7-39f6-4daf-9ffc-7e1d9829890f,200.1057,6.6537,1,2,177,36,2,360,454,871,-1,-1,0,0,0,0
476,476,235,-187.5783,200.1057,38.7653,191.2689,8197b3d7-39f6-4daf-9ffc-7e1d9829890f,200.1057,6.6537,1,2,177,36,2,360,497,1174,-1,-1,0,0,0,0
477,477,280,-133.0792,200.1057,121.1284,196.3259,8197b3d7-39f6-4daf-9ffc-7e1d9829890f,200.1057,6.6537,1,2,177,36,2,360,468,978,-1,-1,0,0,0,0
478,478,339,-153.3402,200.1057,119.9703,193.5141,8197b3d7-39f6-4daf-9ffc-7e1d9829890f,200.1057,6.6537,1,2,177,36,2,360,463,903,-1,-1,0,0,0,0
479,479,326,-124.2324,200.1057,128.9175,197.0752,8197b3d7-39f6-4daf-9ffc-7e1d9829890f,200.1057,6.6537,1,2,177,36,2,360,457,885,-1,-1,0,0,0,0
480,480,360,-159.831,200.1057,130.259,197.8509,8197b3d7-39f6-4daf-9ffc-7e1d9829890f,200.1057,6.6537,1,2,177,36,2,360,457,894,-1,-1,0,0,0,0
481,481,295,-135.263,200.1057,45.7113,192.4403,8197b3d7-39f6-4daf-9ffc-7e1d9829890f,200.1057,6.6537,1,2,177,36,2,360,511,1253,-1,-1,0,0,0,0
482,482,246,-130.0092,200.1057,128.1404,197.0691,8197b3d7-39f6-4daf-9ffc-7e1d9829890f,200.1057,6.6537,1,2,177,36,2,360,470,1011,-1,-1,0,0,0,0
483,483,322,-124.4846,200.1057,135.6763,198.7226,8197b3d7-39f6-4daf-9ffc-7e1d9829890f,200.1057,6.6537,1,2,177,36,2,360,461,917,-1,-1,0,0,0,0
484,484,324,-153.5004,200.1057,128.7769,196.8066,8197b3d7-39f6-4daf-9ffc-7e1d9829890f,200.1057,6.6537,1,2,177,36,2,360,454,900,-1,-1,0,0,0,0
485,485,377,-166.9352,200.1057,123.1714,198.3753,8197b3d7-39f6-4daf-9ffc-7e1d9829890f,200.1057,6.6537,1,2,177,36,2,360,470,922,-1,-1,0,0,0,0
486,486,257,-181.6076,200.1057,69.5047,196.6443,8197b3d7-39f6-4daf-9ffc-7e1d9829890f,200.1057,6.6537,1,2,177,36,2,360,494,1178,-1,-1,0,0,0,0
487,487,248,-181.6386,202.9771,140.2675,202.9771,30720b5d-12ee-449a-bab6-d4ccf3e8a8ff,202.9771,5.3518,2,6,562,107,5,360,451,900,-1,-1,0,0,0,0
488,488,327,-132.3578,202.9771,119.3907,195.9842,30720b5d-12ee-449a-bab6-d4ccf3e8a8ff,202.9771,5.3518,2,6,562,107,5,360,454,890,-1,-1,0,0,0,0
489,489,353,-153.3523,202.9771,124.1222,198.0446,30720b5d-12ee-449a-bab6-d4ccf3e8a8ff,202.9771,5.3518,2,6,562,107,5,360,458,870,-1,-1,0,0,0,0
490,490,322,-149.8489,202.9771,132.982,195.5293,30720b5d-12ee-449a-bab6-d4ccf3e8a8ff,202.9771,5.3518,2,6,562,107,5,360,445,864,-1,-1,0,0,0,0
491,491,279,-154.5723,202.9771,57.9526,197.9141,30720b5d-12ee-449a-bab6-d4ccf3e8a8ff,202.9771,5.3518,2,6,562,107,5,360,478,1168,-1,-1,0,0,0,0
492,492,287,-133.7766,202.9771,119.5252,194.6736,30720b5d-12ee-449a-bab6-d4ccf3e8a8ff,202.9771,5.3518,2,6,562,107,5,360,464,953,-1,-1,0,0,0,0
493,493,346,-128.0655,202.9771,129.1088,197.2145,30720b5d-12ee-449a-bab6-d4ccf3e8a8ff,202.9771,5.3518,2,6,562,107,5,360,462,926,-1,-1,0,0,0,0
494,494,307,-133.8006,202.9771,119.8567,196.2632,30720b5d-12ee-449a-bab6-d4ccf3e8a8ff,202.9771,5.3518,2,6,562,107,5,360,460,882,-1,-1,0,0,0,0
495,495,307,-130.7237,202.9771,121.9825,196.2333,30720b5d-12ee-449a-bab6-d4ccf3e8a8ff,202.9771,5.3518,2,6,562,107,5,361,455,892,-1,-1,0,0,0,0
496,496,229,-151.5131,202.9771,52.565,198.9435,30720b5d-12ee-449a-bab6-d4ccf3e8a8ff,202.9771,5.3518,2,6,562,107,5,360,481,1149,-1,-1,0,0,0,0
497,497,291,-125.7156,202.9771,132.179,196.9311,30720b5d-12ee-449a-bab6-d4ccf3e8a8ff,202.9771,5.3518,2,6,562,107,5,360,458,917,-1,-1,0,0,0,0
498,498,312,-125.7165,202.9771,126.3131,198.3788,30720b5d-12ee-449a-bab6-d4ccf3e8a8ff,202.9771,5.3518,2,6,562,107,5,360,457,896,-1,-1,0,0,0,0
499,499,295,-130.3769,202.9771,128.7971,198.7794,30720b5d-12ee-449a-bab6-d4ccf3e8a8ff,202.9771,5.3518,2,6,562,107,5,360,450,893,-1,-1,0,0,0,0
